a1,a2,a3,a4,a5,a6,a7,a8,a9,a10,a11,a12,a13,a14,a15,a16,a17,class label
0.12708,0.36308,0.24832,1.40277,1.78100,0.13906,0.99968,0.68235,0.19462,0.13169,0.15453,0.11412,0.13647,0.42456,0.12294,0.16255,0.15534,0
0.13308,0.64109,0.27482,1.59564,2.41907,0.16875,1.12786,0.73878,0.22006,0.17024,0.13643,0.13178,0.13066,0.43593,,0.20954,0.34364,1
0.13779,0.47743,0.27204,1.47542,2.12243,0.13874,1.16911,0.93914,0.23281,0.19274,0.13779,0.10636,0.12397,0.45320,0.21130,0.21082,0.23671,2
0.15260,0.62122,0.26100,1.78310,2.57567,0.17871,1.45924,0.95658,0.23160,,,0.14805,0.12165,0.43468,,,0.18644,3
0.14655,0.49008,0.31137,1.92469,2.30774,0.13056,1.26919,0.88077,0.20706,0.14715,,0.11283,0.13142,0.49452,0.13988,0.15891,0.16434,4
0.15069,0.46283,0.27483,1.68136,2.19042,0.13343,1.29921,0.82459,0.19658,0.16587,,0.10202,0.12874,0.48833,0.15468,0.18357,0.19337,4
0.12733,0.66562,0.26544,1.53762,2.27903,0.17157,1.10701,0.69751,0.20166,0.16000,0.14698,0.12913,0.12845,0.40613,,0.21547,0.34606,1
0.09800,0.62333,0.32356,1.88022,2.65511,0.21022,1.58778,0.90311,0.23578,0.16756,0.17022,0.14489,0.12267,0.41911,,0.19800,,3
0.13089,0.55578,0.26318,1.37324,2.27029,0.15411,1.09304,0.73723,0.25070,0.13618,0.12378,0.12221,0.14262,0.40853,0.12205,0.17171,0.17303,1
0.16548,0.52879,0.29091,1.89735,2.31093,0.14578,1.17235,0.87846,0.21277,0.11672,0.11239,0.12949,0.12711,0.39416,0.09838,0.15292,0.12516,5
0.14755,0.48558,0.30794,1.60884,2.22019,0.19451,1.20521,0.84766,0.19640,0.21402,,0.10915,0.13345,0.46393,0.17890,0.21881,0.23215,4
0.10188,0.43581,0.27238,1.19552,2.53654,0.14088,1.00477,0.93631,0.20079,0.15273,,0.10484,,0.34496,0.13611,0.15553,0.18548,2
0.09946,0.34250,0.23329,0.96642,1.40390,0.17972,1.03006,0.61992,0.18228,0.17397,0.16166,0.09146,,0.40822,0.14870,0.21522,0.21762,6
0.11167,0.49563,0.28821,1.39208,2.20072,0.16204,1.23113,0.92998,0.23487,0.20212,0.16454,0.09685,0.14208,0.48799,0.16407,0.21429,0.24267,2
0.15333,0.49744,0.30283,1.83104,2.32113,0.14691,1.30946,0.88565,0.21558,0.16003,,0.11651,0.13841,0.50947,0.15664,0.17840,0.19965,4
0.09879,0.47044,0.27008,1.21440,1.87639,0.15578,1.09161,0.83214,0.21848,0.21261,0.18354,0.10206,0.14925,0.47306,0.22502,0.21799,0.26127,2
0.10696,0.47007,0.29295,1.53739,2.22717,0.13488,1.24302,0.99444,0.25864,0.18706,0.12435,0.11749,0.14352,0.43907,0.17925,0.16387,,6
0.10783,0.49162,0.29942,1.23881,2.05209,0.21657,1.24612,0.72373,0.22449,,,0.10448,0.14651,0.50564,,,,0
0.10648,0.48874,0.27571,1.41226,2.43855,0.15736,1.31843,0.80154,0.19144,0.12028,,0.12945,0.10154,0.44256,0.11935,,,7
0.14231,0.48200,0.30300,1.33372,2.11964,0.12699,0.92693,0.85447,0.23284,,,0.11389,0.11734,0.41996,0.12653,,0.15839,0
0.16715,0.60347,0.29651,1.81651,2.56818,0.15912,1.27692,0.89431,0.26627,0.14217,,0.12991,0.12964,0.53620,0.13074,0.18182,,1
0.12713,0.39455,0.32319,1.59711,1.98721,0.14587,1.09312,0.73029,0.22063,,0.10876,0.12533,0.11230,0.39887,0.16380,0.13948,,0
0.15528,0.46804,0.28617,1.71656,2.19153,0.11891,1.22754,0.95864,0.20954,0.14336,0.10589,0.10279,0.11599,0.43100,0.17779,0.14646,0.16562,2
0.11198,0.45028,0.27050,1.23705,2.29940,0.15179,1.19724,0.84494,0.23614,0.14179,,0.11307,0.11416,0.37920,0.13598,0.17433,0.21851,5
0.12232,0.45579,0.27770,1.61982,2.17544,0.14419,1.10614,0.91615,0.21370,0.14684,0.11987,0.10746,0.14043,0.42984,0.12690,0.18317,0.16740,0
0.14731,0.60161,0.28131,1.83758,2.46080,0.13415,1.12225,0.87344,0.22414,0.13306,,0.11598,0.11418,0.44248,,,0.16242,6
0.11638,0.54715,0.30327,1.56640,2.25702,0.14128,1.26286,0.86720,0.22072,0.15897,0.12140,0.13207,0.11994,0.56011,0.13426,0.16217,,6
0.11034,0.49514,0.29983,1.35886,2.22582,0.13818,1.29592,0.76264,0.20198,0.14801,,0.11415,,0.32586,0.31804,0.13961,0.23145,4
0.10351,0.52925,0.27083,1.72612,2.56894,0.15629,1.45893,0.82086,0.20179,0.12064,0.11276,0.13620,0.09898,0.43333,,0.14083,,3
0.13868,0.56282,0.26416,1.72462,2.47161,0.14944,1.40208,0.86155,0.25847,,,0.12768,0.12215,0.46235,,0.17848,0.18705,7
0.12546,0.57454,0.29026,1.47570,2.44802,0.17300,1.32314,0.86914,0.22305,,,0.14282,0.11032,0.49296,0.14523,,,1
0.11699,0.38966,0.25835,1.14238,2.06352,0.13559,0.89436,1.01739,0.19055,0.14870,0.13401,0.10481,0.11225,0.48377,,0.16544,,0
0.15088,0.70233,0.26765,2.02964,2.60314,0.14024,1.10356,0.79876,0.24200,,0.13197,0.12162,0.11857,0.38746,,,,2
0.11166,0.59293,0.23815,1.23176,1.98535,0.15844,1.16137,0.83357,0.25031,0.13057,0.12711,0.11894,0.12347,0.37680,0.12152,0.17326,0.16909,7
0.10519,0.39342,0.33566,1.39211,1.87967,0.12731,1.14361,0.75047,0.21839,,0.15466,0.10461,0.13153,0.42223,0.22043,0.21330,,0
0.11520,0.43749,0.25533,1.39754,2.55501,0.14189,1.09915,0.79684,0.20548,0.10546,,0.11456,0.09891,0.37940,0.09403,0.13765,0.13182,5
0.11138,0.58921,0.26303,1.44071,2.23535,0.15638,1.19939,0.75586,0.21828,0.15555,0.13483,0.12373,0.12232,0.55540,0.13582,0.16359,0.20394,1
0.11767,0.52012,0.33694,1.73641,2.31975,0.15502,1.31039,0.93576,0.23271,0.16090,0.12108,0.12831,0.11435,0.49170,0.16898,0.17408,,6
0.14886,0.45298,0.27550,1.30795,2.16122,0.13615,0.83075,1.14638,0.20241,0.12472,0.11037,0.10895,0.10895,0.46946,,0.15071,,0
0.08034,0.37034,0.21295,0.89748,1.34568,0.11833,0.81182,0.60512,0.17685,0.10937,0.08447,0.07681,0.14240,0.26015,0.08966,0.13745,0.11515,6
0.13758,0.60683,0.31155,1.92698,2.49586,0.15662,1.24454,0.92680,0.21949,,0.13398,0.14935,,0.58996,0.12017,0.17025,,6
0.15830,0.60125,0.29185,1.97421,2.82077,0.16395,1.47308,0.87791,0.21448,0.15075,0.13477,0.13268,0.14050,0.47829,0.15014,0.19243,0.21006,7
0.13645,0.47858,0.24449,1.50778,2.00354,0.12069,0.92018,0.84368,0.19047,0.13158,,0.10648,0.10945,0.43983,0.11666,0.14077,0.14218,6
0.10803,0.42042,0.28433,1.13531,1.96929,0.15604,1.10195,0.97506,0.20624,0.20000,0.18987,0.10553,0.16742,0.45253,,0.22416,,0
0.14368,0.64563,0.28048,1.60153,2.50835,0.17489,1.16783,0.73604,0.23093,0.15484,0.13422,0.13279,0.15274,0.42940,,0.22091,0.36601,1
0.11940,0.44208,0.31600,1.36819,2.42020,0.15273,1.08204,0.87291,0.21344,0.16574,0.12068,0.11830,0.10796,0.50105,0.12545,0.16079,0.16903,2
0.11413,0.52669,0.30630,1.47405,2.27056,0.13856,1.11544,0.93244,0.22366,0.14987,0.10421,0.11380,0.11634,0.44306,0.11585,0.14627,0.15086,6
0.09040,0.88974,0.34967,2.22417,2.52881,0.25762,1.70960,0.90298,0.32649,,,0.13146,0.24768,0.54106,0.32483,,,7
0.18759,0.58996,0.27731,1.83175,2.20760,0.18543,1.35968,0.80474,0.21027,0.20794,,0.13740,0.16692,0.49708,,0.28281,,3
0.13873,0.43099,0.25718,1.27956,2.09831,0.12184,0.89259,1.11643,0.20146,0.12913,0.11701,0.10704,0.10950,0.47084,,0.13693,,0
0.15001,0.68934,0.28174,1.75242,2.57413,0.19784,1.52916,0.99269,0.25695,,,0.15875,0.16161,0.49102,,,0.25600,3
0.15355,0.54114,0.29530,1.32653,2.17090,0.16366,1.26685,0.85071,0.23335,0.16307,0.12629,0.13571,0.12232,0.48236,0.21273,0.19865,0.19944,1
0.10120,0.38857,0.23547,1.02014,1.42492,0.15933,1.00999,0.64041,0.17455,0.16588,0.15130,0.09317,,0.36106,0.14328,0.21893,0.20829,6
0.10757,0.38756,0.27927,1.19769,2.11250,0.14715,1.15389,0.93130,0.24221,0.15931,0.14920,0.09626,0.14631,0.40368,0.16352,0.14703,0.22163,5
0.11695,0.55740,0.29669,1.37887,2.42657,0.18809,1.31676,0.82619,0.22433,,,0.13972,0.13123,0.48329,0.16532,,,1
0.14087,0.48123,0.25177,1.53484,2.00911,0.11952,0.99777,0.87867,0.20560,0.12995,,0.10478,0.11069,0.43415,0.11848,0.14031,0.14838,6
0.14525,0.58082,0.31068,1.57625,2.31746,0.16212,1.21369,0.80997,0.24933,0.19350,,0.11023,0.14335,0.54077,,,0.25185,6
0.09576,0.45280,0.28923,1.16644,2.47108,0.14892,1.07914,0.96149,0.25842,,0.13200,0.09998,0.17173,0.38499,0.19695,,,2
0.10784,0.48790,0.29020,1.80877,1.96071,0.14320,1.42605,0.90534,0.23064,0.18933,0.17387,0.10822,0.15701,0.47446,0.17247,0.21011,0.23609,4
0.14112,0.45505,0.24970,1.30305,1.91353,0.12420,0.91152,0.83617,0.19482,0.16631,,0.09841,0.12527,0.44239,0.14999,0.19186,0.19553,6
0.14041,0.54313,0.28710,1.50503,2.45968,0.16755,1.39540,0.86329,0.22563,,,0.14610,0.11385,0.49305,0.12117,,,1
0.10299,0.48840,0.32326,1.51611,2.07192,0.16010,1.13964,0.82051,0.21370,0.14956,0.13811,0.12155,0.12597,0.48641,0.20499,0.17667,0.18736,0
0.12630,0.49177,0.32749,1.49165,2.31067,0.17022,1.55347,0.91725,0.24571,0.18461,0.13332,0.13259,0.12231,0.50702,0.17239,0.20010,0.22199,4
0.07336,0.62402,0.30699,1.56048,2.42031,0.17314,1.47751,0.89694,0.21048,0.24694,,0.12576,0.13996,0.52096,0.21900,,,7
0.11199,0.55386,0.26948,1.85638,2.55736,0.18056,1.52780,0.75671,0.20298,,,0.13765,0.12210,0.49903,0.18795,,,7
0.08945,0.45462,0.26143,1.20013,2.02188,0.18020,1.18129,0.67706,0.18042,,,0.10570,0.09660,0.36344,,,,0
0.12376,0.55682,0.31364,1.43864,2.28037,0.20537,1.47541,0.82603,0.22376,,0.20207,0.11384,0.12417,0.52231,0.23657,0.27603,,3
0.16290,0.61065,0.28409,1.81480,2.36766,0.16624,1.14060,0.75034,0.23859,,0.17989,0.12422,0.12923,0.42136,,,,2
0.10107,0.59777,0.26799,1.47537,2.24463,0.17522,1.41561,0.78500,0.22008,,,0.12104,0.11342,0.39157,0.23091,0.16709,,7
0.11003,0.63310,0.32209,1.90018,2.66327,0.20453,1.60559,0.92391,0.23270,0.17369,0.16193,0.14552,0.13154,0.39774,,0.18567,,3
0.15944,0.54330,0.27595,2.04889,2.35716,0.15695,1.30659,0.85969,0.19418,0.16387,,0.13130,0.13910,0.50221,,0.21058,,3
0.11149,0.51579,0.30057,1.41157,2.23656,0.16490,1.28318,0.78527,0.22792,0.15602,,0.11766,,0.32227,0.28712,0.16243,0.24951,4
0.10418,0.47886,0.31903,1.41008,2.06828,0.16208,1.26238,0.66996,0.19885,0.17896,0.14245,0.12481,,0.42859,0.18759,,0.23324,5
0.13325,0.46161,0.31805,1.46941,2.34146,0.16341,1.32672,0.89469,0.21804,0.17189,0.13508,0.10878,0.13306,0.52837,0.18219,0.19116,0.20888,5
0.11334,0.49750,0.26081,1.70181,2.12706,0.11449,1.15693,0.89247,0.17802,0.12497,0.10314,0.11023,0.10145,0.47479,0.09388,0.12091,0.13227,2
0.09931,0.57100,0.30722,1.36978,2.53889,0.15853,1.08595,0.95285,0.24392,,0.17487,0.10934,0.15315,0.40505,0.22387,,,2
0.09230,0.57946,0.29164,1.76898,2.55653,0.18059,1.50446,0.86019,0.22774,0.15893,0.13690,0.13818,0.10741,0.38267,,0.17713,,3
0.13969,0.58626,0.35754,1.50802,2.50208,0.15495,1.23813,0.93039,0.24013,0.16867,,0.12581,0.11255,0.42823,0.29579,0.18093,0.25532,4
0.11597,0.49568,0.27486,1.47275,2.19765,0.12353,1.15720,0.93908,0.24483,0.14021,0.09396,0.11249,0.09906,0.43152,0.12237,0.13511,0.14770,6
0.11015,0.51603,0.26290,1.82862,1.97832,0.14374,1.41691,0.92838,0.25618,0.18203,0.17493,0.11484,0.15427,0.46013,0.17531,0.20788,0.26645,4
0.14276,0.43096,0.24754,1.60331,2.01487,0.10823,1.04498,0.83156,0.18885,0.12265,,0.10631,0.10834,0.42710,0.11478,0.13179,0.12819,6
0.13055,0.49791,0.28343,1.74687,2.19315,0.13943,1.19130,0.96970,0.20451,0.13835,0.10790,0.11138,0.11648,0.46352,0.13163,0.15219,0.14106,0
0.15258,0.63276,0.27272,1.76985,2.54604,0.18527,1.47823,0.98378,0.23869,,,0.14965,0.12880,0.45628,,,0.20905,3
0.16836,0.64846,0.29399,1.89230,2.65225,0.19903,1.49061,0.84232,0.22661,0.22454,0.19921,0.13545,0.16043,0.51318,0.19800,0.31501,0.31294,7
0.11455,0.55993,0.31386,1.62905,2.21211,0.16510,1.15712,0.85409,0.21344,0.14831,0.14274,0.14078,0.12139,0.53485,0.13400,0.18037,,6
0.10944,0.56878,0.26998,1.55597,2.40017,0.17697,1.41869,0.97995,0.22918,0.19034,,0.12378,0.19451,0.49568,,0.25299,,7
0.16719,0.60291,0.30019,1.77425,2.63927,0.17188,1.32942,0.87305,0.26085,0.15384,,0.14076,0.13065,0.51863,0.14680,0.19697,,1
0.11166,0.51902,0.30165,1.44891,2.13111,0.12577,1.02658,0.85603,0.22410,0.14553,0.10139,0.09182,0.10476,0.39669,0.16247,0.14177,0.15643,6
0.09965,0.40358,0.26042,1.33961,1.98525,0.12058,1.08520,0.92353,0.16980,0.16017,0.13398,0.09800,0.10251,0.35722,0.11380,0.13669,0.17311,2
0.09556,0.46875,0.27499,1.36623,2.08359,0.12410,1.18660,0.92750,0.21583,0.15256,0.11410,0.10615,0.12793,0.46189,0.18768,0.15285,0.21014,0
0.10533,0.42871,0.25805,1.30872,2.36337,0.14245,1.16559,0.85249,0.23106,0.12546,,0.10820,0.10341,0.38173,0.12300,0.15190,0.17285,5
0.09357,0.60391,0.36677,1.59702,2.29274,0.19196,1.40282,0.92277,0.24515,,0.17786,0.12963,,0.52187,0.18138,0.27928,,6
0.13979,0.49106,0.34097,1.79144,2.18741,0.15049,1.20339,0.98538,0.21745,0.14662,0.10403,0.12287,0.10905,0.48694,0.15401,0.15024,0.16129,4
0.13680,0.55149,0.34980,1.44064,2.16016,0.15337,1.18948,0.90717,0.24109,0.16337,,0.12154,0.10673,0.39743,0.29773,0.17826,0.24628,4
0.13110,0.59424,0.30534,1.63983,2.34659,0.16464,1.30340,0.82025,0.23177,0.14667,0.13728,0.13672,0.13258,0.58582,0.17337,0.18481,0.20104,1
0.10842,0.45454,0.32028,1.40658,2.39081,0.13870,1.11667,0.85441,0.21177,0.16182,0.12927,0.11386,0.10924,0.48844,0.12184,0.16662,0.16535,2
0.11680,0.49972,0.29257,1.51566,2.09370,0.14190,1.01944,0.85348,0.20819,0.12979,0.11115,0.10286,0.12174,0.41025,0.10645,0.14525,0.13632,0
0.12457,0.62175,0.35228,1.49882,2.60977,0.18504,1.30107,0.98929,0.30670,0.22226,,0.12530,0.19630,0.39768,0.33594,0.25132,0.36535,4
0.15845,0.47212,0.29462,1.64663,2.22193,0.15360,1.25666,0.87901,0.20052,0.19741,,0.11314,0.15273,0.45955,0.18148,0.24732,0.23425,4
0.14844,0.53839,0.28474,1.49327,1.84777,0.21858,1.27033,0.67962,0.24114,,,0.13308,0.16341,0.36076,,,0.38332,3
0.14449,0.48442,0.30234,1.67339,2.05599,0.13720,1.03576,0.81897,0.21523,0.11632,0.12196,0.11554,0.11771,0.51141,0.10169,0.14492,0.12105,0
0.08713,0.48265,0.31170,1.15052,1.71233,0.17155,1.04912,0.76386,0.23434,0.16389,0.13024,0.09719,0.16058,0.32537,0.19709,0.19093,0.24771,5
0.13085,0.60205,0.30832,1.46850,2.06371,0.18143,1.36249,0.78690,0.24478,,0.18413,0.14525,0.15749,0.50684,,,,6
0.11140,0.53684,0.23861,1.47847,1.90378,0.12484,0.96042,0.79350,0.22081,0.14327,0.12509,0.10493,0.11787,0.32450,0.12895,0.19057,0.19704,2
0.13423,0.62303,0.30301,1.61474,2.17501,0.17003,1.34835,0.80177,0.22740,,0.16326,0.14059,0.14335,0.49489,,,,6
0.07258,0.37496,0.22466,0.97159,1.32195,0.13633,0.85687,0.64092,0.18372,0.11460,0.09395,0.08440,0.14934,0.27767,0.08679,0.12654,0.11269,6
0.12195,0.57397,0.30910,1.56956,2.50174,0.17470,1.43245,0.87503,0.23896,0.14106,0.13835,0.15165,0.11407,0.47684,0.23417,0.19101,0.22249,3
0.14507,0.43100,0.25110,1.48462,1.95723,0.11988,0.99022,0.83328,0.19211,0.13278,,0.10318,0.11126,0.39169,0.13041,0.14744,0.14690,6
0.13933,0.52400,0.36251,1.60183,2.28022,0.14270,1.13600,0.90671,0.23228,0.13331,0.10543,0.11883,0.11452,0.44445,0.16839,0.13938,0.15371,6
0.14724,0.42247,0.26355,1.38460,2.02383,0.14748,1.28233,0.68042,0.22110,,,0.12452,0.13367,0.40969,,,0.31476,3
0.08768,0.62419,0.28562,1.47981,2.23122,0.17493,1.61728,0.80331,0.19962,,,0.12743,0.15045,0.43921,0.25738,0.19104,,7
0.12822,0.48680,0.33108,1.45003,2.26556,0.17080,1.47093,0.95789,0.23272,0.18919,0.14613,0.12979,0.12194,0.49026,0.16908,0.18259,0.24371,4
0.09259,0.51505,0.26794,1.51114,2.45761,0.16160,1.36386,0.79688,0.20023,0.15032,0.13628,0.12341,0.10894,0.47280,0.10923,0.17289,0.21166,1
0.12965,0.44403,0.25979,1.42548,2.08296,0.16270,1.34586,0.71052,0.20532,0.17826,0.17275,0.12151,0.18185,0.42368,0.21633,,0.23716,7
0.11190,0.52341,0.31259,1.38916,2.18242,0.13651,1.22471,0.88281,0.23573,0.19798,0.14739,0.09453,0.16536,0.43778,0.16928,0.20054,0.23331,2
0.13517,0.47846,0.34093,1.72609,2.39240,0.16744,1.51111,0.90099,0.24192,0.14829,0.11278,0.14900,0.11893,0.47506,0.15164,0.16887,0.16322,4
0.14964,0.57451,0.27940,1.73702,2.40339,0.14781,1.16677,0.84489,0.22496,0.15420,,0.12135,0.12449,0.48763,,,0.18481,6
0.14783,0.59116,0.26921,1.97556,2.66600,0.15394,1.39369,0.86087,0.21647,0.14624,0.12523,0.12891,0.14189,0.44843,0.14256,0.18893,0.19437,7
0.09473,0.71252,0.26876,1.80642,2.27509,0.16701,1.30359,0.83368,0.24976,0.17637,0.15393,0.12915,0.16357,0.47253,0.16770,0.21575,0.31268,1
0.08728,0.60327,0.25116,1.20610,1.93526,0.18131,1.13835,0.80502,0.25447,0.17891,0.15127,0.12318,0.14030,0.36608,0.14105,0.22127,0.22157,7
0.12327,0.38684,0.22799,1.10229,1.65226,0.13284,1.04724,0.70253,0.17958,0.14349,0.14307,0.11068,,0.43946,0.11706,0.17135,0.15994,6
0.10595,0.30455,0.23529,0.99140,1.99312,0.13324,0.91423,1.00252,0.21901,0.15663,0.14276,0.09517,0.13737,0.41968,,0.17464,,0
0.15447,0.55149,0.26987,2.11553,2.35660,0.14854,1.35035,0.84145,0.19836,0.15645,,0.13049,0.12313,0.49005,,0.17623,,3
0.11711,0.52365,0.30920,1.47792,2.18935,0.13962,1.04251,0.89340,0.22276,0.15382,0.10440,0.10589,0.11138,0.38529,0.16260,0.14511,0.15484,6
0.12077,0.52944,0.27972,1.71143,2.43874,0.14596,1.43928,0.71706,0.18695,0.12961,0.09538,0.13531,0.09940,0.48938,0.40023,0.13986,0.28414,3
0.11886,0.36643,0.23120,1.06004,1.58271,0.14253,0.97954,0.68399,0.18189,0.15546,0.16044,0.10360,,0.44427,0.13445,0.18985,0.18355,6
0.13056,0.50402,0.29520,1.63538,2.18286,0.13148,1.02048,0.86743,0.21321,0.12093,0.10764,0.11410,0.12483,0.45166,0.09893,0.14019,0.12380,0
0.15026,0.44810,0.32397,1.46094,2.03167,0.17610,1.26393,0.80433,0.20329,0.20538,,0.09873,0.14907,0.46333,0.19358,0.24018,0.29022,4
0.13594,0.58144,0.26631,1.61320,2.43339,0.17573,1.44698,0.83515,0.25000,,,0.13211,0.12790,0.46948,,0.23715,0.22887,7
0.10943,0.73406,0.31082,1.45740,2.13605,0.21470,1.20040,0.71142,0.25283,0.21192,0.17696,0.13307,0.18332,0.37339,,0.32075,0.41390,1
0.10456,0.63130,0.27631,1.33493,2.14244,0.18581,1.10730,0.73603,0.29208,0.17981,0.15324,0.12136,0.12341,0.37264,0.16301,0.21992,0.20123,1
0.16435,0.53666,0.31273,1.28546,2.09162,0.17399,1.24165,0.84169,0.22481,0.16123,0.12891,0.12823,0.12618,0.46071,0.20855,0.20290,0.19910,1
0.14168,0.72097,0.31174,1.89446,2.38077,0.16798,1.33903,0.86067,0.23855,,0.13445,0.14231,0.14096,0.49706,,,,6
0.18350,0.60892,0.29997,1.75844,2.59613,0.17164,1.32416,0.82617,0.25204,0.16818,,0.13478,0.14284,0.51043,0.16047,0.21242,,1
0.12150,0.42565,0.25065,1.33925,2.37577,0.13676,1.04038,0.75659,0.20867,0.09768,,0.11651,0.09068,0.32280,0.08236,0.11496,0.10493,5
0.13238,0.47970,0.33965,1.66912,2.12566,0.15043,1.19223,0.93950,0.20697,0.14261,0.10932,0.12361,0.10912,0.48862,0.14231,0.14652,0.17539,4
0.12361,0.49424,0.31428,1.54633,2.45862,0.12646,1.22216,0.91655,0.21004,0.14041,0.10580,0.11298,0.11332,0.51233,0.11393,0.14949,0.14928,2
0.13078,0.51087,0.29484,1.59123,2.13729,0.13481,1.04318,0.85453,0.21368,0.12397,0.11282,0.11660,0.12378,0.46794,0.10099,0.13723,0.13958,0
0.14926,0.47108,0.27812,1.42346,2.06083,0.13251,1.08777,1.11990,0.20352,0.11752,0.10961,0.11404,0.11055,0.54059,,0.13671,,0
0.10681,0.53083,0.28552,1.35174,2.26200,0.16050,1.08386,0.92316,0.25422,,0.17037,0.10795,0.16885,0.44128,0.23487,,,2
0.10481,0.43414,0.26761,1.19015,2.02407,0.16455,1.19628,0.66368,0.21313,,,0.10088,0.11926,0.38578,,,,0
0.13116,0.40610,0.26728,1.25168,2.07352,0.12130,0.88713,1.09224,0.19447,0.12102,0.12038,0.10925,0.10635,0.47827,,0.14371,,0
0.12504,0.56571,0.25679,1.32709,2.22602,0.16268,1.10196,0.73903,0.25164,0.13282,0.11972,0.12275,0.13601,0.41211,0.12750,0.17373,0.16825,1
0.14506,0.52772,0.28187,1.51846,2.31210,0.12458,0.93119,0.98406,0.21504,0.12524,0.10359,0.10632,0.12292,0.33556,0.15027,0.15770,0.16192,2
0.10337,0.55691,0.26206,1.44965,2.40979,0.15880,1.39146,0.81826,0.19598,0.11966,,0.13267,0.09886,0.43039,0.11075,,,7
0.13242,0.53790,0.32590,2.04685,2.37203,0.13999,1.26898,1.05202,0.24545,0.14167,0.09866,0.13119,0.10766,0.49724,0.16131,0.14285,,6
0.14543,0.62151,0.32199,1.91030,2.40493,0.21758,1.50844,0.87425,0.25570,0.13380,0.12643,0.14560,0.15543,0.44394,0.12911,0.17080,0.15046,7
0.12233,0.54981,0.27709,1.52817,2.79303,0.16439,1.46204,0.83470,0.22372,0.13426,0.12073,0.13594,0.10834,0.45057,0.11599,0.15445,0.16913,3
0.14063,0.60564,0.25629,1.75862,2.56405,0.15706,1.45143,0.94606,0.22790,,,0.14586,0.12924,0.44307,,,0.18336,3
0.09805,0.57574,0.30527,1.68635,1.86079,0.20765,1.27134,0.82975,0.25949,0.15206,0.13516,0.13458,0.16419,0.34744,0.14484,0.20722,0.17069,3
0.08215,0.53753,0.28850,1.78157,2.13434,0.14755,1.17477,0.98566,0.29494,0.21037,0.15979,0.10341,0.15383,0.48260,0.20635,0.20602,,6
0.17225,0.66453,0.30997,1.95056,2.69193,0.19913,1.49263,0.84701,0.21839,0.20937,0.18196,0.13148,0.16236,0.52142,0.20607,0.28465,0.30564,7
0.09974,0.51149,0.26469,1.35665,2.22357,0.15716,1.39326,0.76013,0.19888,,,0.12638,0.09877,0.42829,0.21871,0.14597,,7
0.14521,0.41878,0.26456,1.61972,1.95897,0.13847,0.90635,0.72917,0.19678,0.11851,0.11614,0.11730,0.12999,0.45160,0.10081,0.15238,0.12888,0
0.10279,0.57699,0.27384,1.52718,2.38406,0.16389,1.36370,0.98266,0.25774,0.18412,,0.12288,0.18040,0.49112,,0.25045,,7
0.15256,0.46134,0.27204,1.41955,2.11022,0.12596,0.88408,1.15086,0.20185,0.11669,0.10479,0.11011,0.10649,0.51673,,0.12771,,0
0.13475,0.47427,0.35543,1.42202,2.27963,0.17764,1.55334,0.90284,0.23425,0.21366,0.17265,0.11494,0.13007,0.48799,0.19464,0.22006,0.24251,4
0.17169,0.53467,0.26036,1.86561,2.20483,0.16754,1.30110,0.80276,0.19903,0.19613,,0.12182,0.16271,0.49848,,0.28439,,3
0.15152,0.62622,0.28293,1.76397,2.31528,0.16267,1.13682,0.75886,0.22442,,0.17629,0.11809,0.13527,0.43600,,,,2
0.11779,0.43290,0.25357,1.54770,2.15262,0.11770,1.03959,0.93652,0.18436,0.13604,0.10659,0.10342,0.10615,0.41077,0.10342,0.14627,0.16091,2
0.10395,0.48765,0.33296,1.39605,2.06765,0.17630,1.26877,0.65901,0.22407,0.18284,0.16185,0.11741,,0.41642,0.18247,,0.23123,5
0.10598,0.52769,0.30120,1.35253,2.37663,0.16173,1.11592,0.93266,0.25630,,0.15897,0.10616,0.17590,0.43459,0.22797,,,2
0.09228,0.71199,0.28918,1.81857,2.37872,0.19220,1.33875,0.94299,0.23531,,,0.13068,0.19083,0.52958,,0.33719,,7
0.11164,0.56279,0.28144,1.66914,2.57100,0.16239,1.43950,0.90442,0.17307,0.14394,,0.13520,0.11385,0.51240,,0.19928,,7
0.14344,0.46429,0.25789,1.41329,2.12882,0.16798,1.50586,0.73293,0.21221,0.20109,0.18562,0.12810,0.18103,0.41595,0.22369,,0.23517,7
0.11196,0.38570,0.22104,1.20841,2.19300,0.15054,0.97136,0.63677,0.18435,,,0.11842,0.09377,0.25863,,,,0
0.10666,0.48402,0.26711,1.54039,2.56203,0.15244,1.27982,0.76448,0.19057,0.12269,0.10325,0.13199,0.10786,0.51782,0.10205,0.14405,0.17583,1
0.10209,0.53664,0.26722,1.46717,2.46310,0.16233,1.42438,0.88723,0.19851,0.13378,,0.12819,0.10777,0.50724,,0.18512,,7
0.11251,0.44652,0.24029,1.29541,2.33934,0.12770,1.17319,0.78085,0.21163,0.10077,,0.11306,0.09184,0.33166,0.09051,0.13256,0.13028,5
0.11297,0.69170,0.33839,1.52270,2.40220,0.18885,1.89364,0.95032,0.28353,0.17289,0.14812,0.15097,0.15201,0.43087,0.23217,0.20454,0.24488,3
0.08555,0.61530,0.26798,1.21909,1.84768,0.17393,1.07669,0.78764,0.25399,0.17304,0.13213,0.11743,0.15622,0.32501,0.14417,0.22228,0.20422,7
0.11246,0.48391,0.28969,1.28568,2.48412,0.13461,1.08218,0.86465,0.22418,,0.12058,0.10951,0.10866,0.42948,0.15698,,,2
0.11185,0.45908,0.29895,1.32845,2.17978,0.13592,1.26792,0.73635,0.21501,0.12867,,0.11533,,0.31577,0.28351,0.12693,0.22109,4
0.14255,0.58711,0.31871,1.53917,2.19157,0.18707,1.27825,0.83326,0.26691,0.23416,,0.11965,0.15689,0.52633,,,0.31015,6
0.10428,0.46333,0.25902,1.27566,2.24256,0.15927,1.39441,0.71511,0.19255,,,0.12707,0.10012,0.40490,0.22465,0.15248,,7
0.10633,0.49925,0.34853,1.35033,2.01665,0.18611,1.23470,0.65432,0.23200,0.20876,0.18296,0.12163,,0.46221,0.20216,,0.26995,5
0.12743,0.32962,0.23085,1.44401,1.79076,0.13464,0.98551,0.68598,0.19643,0.14064,0.14280,0.11606,0.14280,0.39862,0.11671,0.16777,0.17946,0
0.09028,0.65589,0.30275,1.50346,2.25320,0.17930,1.61138,0.82448,0.22276,,,0.12576,0.12198,0.41654,0.23263,0.20869,,7
0.14040,0.48961,0.30540,1.42641,2.11446,0.12617,0.97468,0.86716,0.23676,,,0.11889,0.11743,0.43784,0.11670,,0.14718,0
0.11201,0.40719,0.21666,1.30243,1.62289,0.14231,0.93631,0.58193,0.17719,,,0.10486,0.11809,0.30521,,,0.26552,3
0.09159,0.57999,0.29761,1.36719,2.63349,0.20806,1.39343,0.90706,0.33469,0.18317,0.17454,0.13222,0.18961,0.37938,0.15355,0.21957,0.24242,3
0.14040,0.51805,0.32298,1.66040,2.29507,0.17202,1.15487,0.93399,0.20889,0.12267,0.10234,0.12688,0.10950,0.59003,0.09476,0.12363,0.12187,5
0.11086,0.47753,0.32686,1.34283,1.99738,0.16760,1.14447,0.64835,0.20622,0.18751,0.14972,0.12314,,0.40470,0.17690,,0.21588,5
0.11289,0.52810,0.32714,1.56820,2.21296,0.15487,1.21319,0.99588,0.19744,0.15863,0.13699,0.12065,0.12065,0.45990,0.14687,0.14064,0.21390,4
0.11219,0.42308,0.25698,1.34978,2.50948,0.13062,1.10601,0.82772,0.22544,0.11432,,0.11144,0.10239,0.33710,0.10217,0.15193,0.16301,5
0.14636,0.71917,0.28978,2.06856,2.39654,0.14951,1.27343,0.84587,0.23962,,0.13037,0.13814,0.12780,0.50506,,,,6
0.09965,0.51509,0.27121,1.71203,2.58025,0.15618,1.44513,0.79365,0.19871,0.11758,0.10935,0.13619,0.10131,0.40153,,0.13433,,3
0.16538,0.58179,0.32814,1.53657,2.39527,0.16813,1.38173,0.93459,0.24503,0.14564,0.11971,0.12878,0.12201,0.56314,0.20287,0.17445,0.18301,1
0.10096,0.48967,0.34140,1.34772,2.03483,0.17679,1.24661,0.66245,0.19945,0.21640,0.18465,0.12300,,0.46054,0.21640,,0.28329,5
0.10837,0.55614,0.25624,1.47236,1.96392,0.14249,1.04415,0.81751,0.23116,0.14665,0.12842,0.10934,0.13430,0.30969,0.12549,0.18053,0.20438,2
0.10306,0.52868,0.26874,1.57071,2.45307,0.14896,1.42416,0.88189,0.18666,0.12418,,0.12557,0.10506,0.49790,,0.17607,,7
0.14468,0.52529,0.31062,1.40899,2.26585,0.13262,1.00843,0.88795,0.23515,,,0.12001,0.11955,0.42314,0.12612,,0.15728,0
0.09204,0.64235,0.30404,1.51334,2.22130,0.21151,1.47882,0.82375,0.20147,,,0.11481,0.12558,0.44725,0.27075,0.20343,,7
0.11637,0.48416,0.27211,1.42470,2.85144,0.11857,0.96605,0.90299,0.20252,0.11578,,0.10449,,0.38840,0.11732,0.11593,0.13330,2
0.16453,0.51881,0.32826,1.55841,2.32313,0.15308,1.39358,0.90692,0.25179,0.14239,0.11970,0.13199,0.11766,0.54114,0.19711,0.17711,0.16632,1
0.14572,0.47496,0.30772,1.37582,2.11857,0.12758,0.96080,0.86599,0.23348,,,0.11649,0.11581,0.45164,0.11947,,0.14488,0
0.13421,0.50328,0.27978,1.53165,2.25524,0.12622,0.94756,0.97514,0.21223,0.13094,0.10464,0.10935,0.12302,0.32526,0.15859,0.14940,0.16930,2
0.10887,0.34330,0.22044,1.16278,2.09036,0.13973,0.97300,0.59778,0.18139,,,0.10984,0.09286,0.29990,,,,0
0.08848,0.62958,0.26508,1.24982,1.88622,0.20603,1.19006,0.83130,0.29684,0.18898,0.14986,0.12958,0.15560,0.37886,0.14358,0.22900,0.21123,7
0.09587,0.71949,0.28898,1.80256,2.34921,0.19941,1.38681,0.96929,0.26909,,,0.12618,0.19626,0.53898,,0.31516,,7
0.12816,0.37794,0.30409,1.52170,1.85104,0.14181,0.99870,0.69039,0.23061,,0.10871,0.11860,0.10936,0.37873,0.15411,0.14316,,0
0.12544,0.43979,0.29711,1.72024,2.08595,0.16306,1.35243,0.93454,0.27498,0.19066,0.13464,0.11635,0.15246,0.43420,0.21256,0.17936,0.21116,5
0.15705,0.42937,0.31459,1.57865,2.10895,0.16191,1.25701,0.85339,0.19798,0.18827,,0.11138,0.14005,0.46714,0.19009,0.25349,0.23090,4
0.10788,0.36720,0.23748,1.11659,1.56276,0.15354,1.17814,0.67902,0.19435,0.16788,0.20229,0.10490,,0.40735,0.14803,0.21509,0.23991,6
0.12766,0.43144,0.23990,1.41426,1.84448,0.14694,1.10234,0.63340,0.19916,,,0.11285,0.12258,0.35696,,,0.26575,3
0.15301,0.58772,0.27785,1.70730,2.43147,0.14120,1.18978,0.85183,0.21483,0.15059,,0.12150,0.13231,0.49702,,,0.18816,6
0.08904,0.38631,0.21553,1.13105,1.51178,0.11670,0.83081,0.61403,0.15587,0.12046,0.10145,0.08380,0.10782,0.30673,0.11351,0.15143,0.13481,5
0.14973,0.50785,0.29699,1.57717,2.32048,0.13590,0.96677,0.98819,0.23254,0.12201,0.11046,0.11676,0.12695,0.33833,0.15855,0.13876,0.15226,2
0.11175,0.49038,0.27674,1.42571,2.11888,0.13861,1.23845,0.95633,0.24099,0.14076,0.09593,0.11615,0.10022,0.46342,0.11605,0.13549,0.18140,6
0.11282,0.37285,0.23997,1.14266,2.01737,0.16088,1.10304,0.63659,0.19359,,,0.10354,0.10455,0.35885,,,,0
0.12560,0.38428,0.26430,1.16912,2.05578,0.15414,1.07047,1.05718,0.18521,0.15321,0.13215,0.10173,0.11343,0.46383,,0.17829,,0
0.13305,0.46178,0.34051,1.57617,2.35783,0.16622,1.50750,0.91037,0.23923,0.15865,0.13129,0.13971,0.11320,0.47124,0.16741,0.17260,0.18530,4
0.10460,0.43619,0.29852,1.19839,2.31582,0.15158,1.13813,0.94577,0.26190,,0.15127,0.10816,0.15961,0.43032,0.18279,,,2
0.16659,0.51215,0.27419,1.97005,2.29886,0.13782,1.13154,0.93801,0.21666,0.15640,0.13136,0.11124,0.13464,0.49986,0.15603,0.17378,0.20956,0
0.12681,0.36443,0.22865,1.10209,1.65703,0.14416,1.02087,0.68569,0.18817,0.16914,0.16378,0.10058,,0.42503,0.12690,0.17299,0.16998,6
0.14287,0.49554,0.27900,1.54558,2.15385,0.12804,1.19629,0.95165,0.22136,0.20400,0.13914,0.10441,0.13214,0.46781,0.20171,0.21944,0.22932,2
0.15041,0.55404,0.29152,1.52938,2.03504,0.20856,1.41758,0.72430,0.24500,,,0.14622,0.15351,0.37572,,,0.37138,3
0.09945,0.41863,0.27070,1.23821,2.65212,0.12186,1.00734,0.89112,0.19693,0.13823,,0.10377,,0.36792,0.12356,0.14138,0.15422,2
0.14173,0.54795,0.32500,1.73372,2.17643,0.15541,1.13047,0.94798,0.24213,0.15968,0.11529,0.12021,0.13959,0.39597,0.17180,0.17472,0.17657,4
0.10519,0.44641,0.28756,1.51406,2.22862,0.14143,1.26438,1.00930,0.26485,0.18296,0.12754,0.10637,0.13778,0.44805,0.16708,0.15661,,6
0.14624,0.45690,0.26721,1.55149,2.13355,0.13595,1.25262,0.92139,0.22136,0.17451,0.12626,0.09849,0.11957,0.45480,0.19798,0.18669,0.20098,2
0.15023,0.64970,0.27453,1.91239,2.39668,0.14533,1.10864,0.77208,0.22457,,0.15430,0.12215,0.12920,0.41568,,,,2
0.15661,0.49135,0.25607,2.06402,2.35473,0.13601,1.36221,0.83094,0.19389,0.14668,,0.12987,0.12564,0.49608,,0.17905,,3
0.14475,0.42909,0.26918,1.39861,2.21759,0.17222,1.35268,0.74578,0.20814,0.14804,0.14053,0.12944,0.12901,0.49320,0.17666,,0.18610,7
0.13212,0.53652,0.30363,1.43748,1.79866,0.22772,1.22141,0.67553,0.22620,,,0.12849,0.17208,0.41625,,,0.38795,3
0.14193,0.63662,0.32192,1.64384,2.22725,0.19711,1.31300,0.82765,0.24169,,0.16697,0.14221,0.14858,0.47602,,,,6
0.10549,0.62358,0.32001,1.89118,2.64934,0.21630,1.63913,0.91961,0.21697,0.16811,0.17344,0.14390,0.12436,0.44526,,0.20386,,3
0.10681,0.72224,0.28968,1.50769,2.23886,0.19166,1.15166,0.72161,0.22992,0.19668,0.16154,0.13849,0.15543,0.39021,,0.27713,0.37735,1
0.10505,0.48936,0.29932,1.32519,2.13661,0.14301,1.26620,0.76076,0.23658,0.15970,,0.10687,,0.31903,0.27224,0.15401,0.22461,4
0.10864,0.38672,0.23848,1.21780,2.10216,0.15385,1.18889,0.68092,0.19345,,,0.11162,0.11442,0.37112,,,,0
0.10397,0.53301,0.27152,1.69635,2.58655,0.16213,1.50400,0.80466,0.19683,0.13312,0.11848,0.12878,0.10085,0.39515,,0.15331,,3
0.13411,0.42940,0.25063,1.32671,1.86155,0.12680,0.94037,0.84247,0.19077,0.16804,,0.09436,0.13125,0.38542,0.15182,0.18460,0.19305,6
0.13344,0.51910,0.28144,1.54219,2.83681,0.17908,1.54669,0.85130,0.21999,0.13584,0.11461,0.14568,0.11096,0.46641,0.11763,0.16707,0.17141,3
0.14941,0.54897,0.26280,1.80804,2.50330,0.15354,1.36234,0.83867,0.19888,0.15128,0.13723,0.12664,0.13609,0.51528,0.18596,0.23044,0.18883,7
0.10453,0.51522,0.25941,1.47459,2.51714,0.15272,1.28902,0.80388,0.20271,0.12779,0.11472,0.12803,0.10513,0.52769,0.11724,0.15596,0.18605,1
0.12510,0.44625,0.26714,1.38434,2.49382,0.14590,1.15428,0.80394,0.22289,0.09236,,0.11780,0.09110,0.33647,0.08531,0.10743,0.11533,5
0.15764,0.61454,0.31084,1.47061,2.14403,0.15204,1.18158,0.86447,0.27956,0.18477,0.14065,0.12443,0.12858,0.39290,0.23690,0.20079,0.24327,4
0.13477,0.53599,0.29485,1.49469,2.49533,0.17747,1.54354,0.82291,0.21954,,0.14614,0.14308,0.11929,0.48383,0.16494,0.21928,,3
0.14244,0.58234,0.32284,1.52171,2.17076,0.19383,1.27816,0.81917,0.27900,0.23243,,0.10971,0.17873,0.50514,,,0.30984,6
0.10990,0.53998,0.26784,1.34511,1.72445,0.15722,1.02384,0.75134,0.25869,0.19326,0.14270,0.09699,0.16189,0.28093,0.15830,0.24148,0.20384,2
0.10416,0.55255,0.27722,1.55566,2.47987,0.16698,1.36301,0.85504,0.19630,0.12861,,0.12740,0.11119,0.47244,0.12335,,,7
0.10553,0.63096,0.24187,1.90459,2.13964,0.15841,1.24102,0.78542,0.20041,0.12664,0.11705,0.12014,0.13741,0.40028,0.14231,0.19657,0.16342,7
0.11301,0.61011,0.27739,1.50526,2.32607,0.15345,1.21223,0.76238,0.21323,0.14605,0.13024,0.12949,0.13302,0.51795,0.14067,0.16993,0.20987,1
0.11055,0.45328,0.26069,1.31924,2.06073,0.17396,1.46167,0.73192,0.19393,,0.14947,0.10585,0.12649,0.45009,0.19678,0.23704,,3
0.10561,0.55386,0.32499,1.44509,2.38438,0.16144,1.43706,0.96129,0.26205,,0.16342,0.12813,,0.51132,0.15920,0.21438,,6
0.12640,0.54794,0.30434,1.78992,2.32897,0.15281,1.38591,0.96390,0.23294,0.17648,0.14094,0.13109,0.11534,0.57128,0.17252,0.17204,0.19336,4
0.11985,0.50209,0.32870,1.72168,2.30407,0.15344,1.31097,0.94357,0.23076,0.16478,0.12275,0.13307,0.11124,0.49067,0.16324,0.16998,,6
0.18099,0.57396,0.34407,2.40311,2.53061,0.16875,1.23412,1.00731,0.25775,0.15231,0.15975,0.14097,0.14529,0.74065,0.16098,0.18913,0.16378,0
0.10231,0.49372,0.33106,1.40639,2.08128,0.16619,1.37533,0.86784,0.22588,0.17687,0.16278,0.12985,0.12159,0.53293,0.16068,0.21333,,6
0.11467,0.44199,0.27741,1.20976,2.28483,0.12922,1.02310,0.84273,0.21275,,0.11890,0.10189,0.11478,0.37950,0.14427,,,2
0.09465,0.73363,0.30112,1.74421,2.37360,0.17871,1.45168,0.96905,0.22444,,,0.12400,0.19728,0.54633,,0.31989,,7
0.13881,0.57982,0.26845,1.68800,2.42784,0.17897,1.43863,0.84111,0.26180,,,0.12977,0.13554,0.47791,,0.23519,0.21624,7
0.09430,0.47592,0.33808,1.18038,1.96268,0.19362,1.48315,0.76906,0.25642,0.18379,0.21308,0.09771,,0.41232,0.23736,,0.28431,5
0.11450,0.54719,0.27951,1.70794,2.52759,0.15318,1.30336,0.80647,0.20763,0.15163,0.12446,0.13462,0.10475,0.52645,0.11647,0.15557,0.19342,1
0.08810,0.63433,0.30224,1.49648,2.23528,0.17475,1.65879,0.80970,0.23404,,,0.12231,0.14366,0.44527,0.23176,0.21517,,7
0.15869,0.61493,0.27914,1.99003,2.73234,0.17483,1.44801,0.86503,0.20873,0.15880,0.14136,0.13432,0.14753,0.47433,0.15847,0.21014,0.22140,7
0.10612,0.35767,0.24463,1.05505,1.90918,0.15072,1.01884,0.91492,0.22255,0.18664,0.18811,0.09405,0.13747,0.45378,,0.21151,,0
0.12164,0.52580,0.30528,1.44477,1.96253,0.22464,1.33412,0.73298,0.23661,0.21895,0.20188,0.14577,0.21091,0.46027,0.23759,,0.30233,7
0.17080,0.56503,0.32846,1.53729,2.39842,0.15986,1.37280,0.93635,0.24126,0.14505,0.12298,0.13746,0.12395,0.53787,0.21552,0.17993,0.17865,1
0.53700,0.52750,0.28051,1.62278,2.45944,0.16245,1.39234,0.88331,0.19118,0.12818,,0.12681,0.10937,0.51238,,0.17688,,7
0.12309,0.47848,0.31551,1.55225,2.23731,0.14806,1.18024,0.92377,0.24236,0.12248,0.10269,0.12841,0.10080,0.47228,0.12081,0.13699,0.13611,6
0.10742,0.56222,0.26042,1.72892,2.02299,0.16846,1.30464,0.86441,0.24790,0.14391,0.12610,0.12884,0.11818,0.39708,0.14459,0.17971,0.17306,3
0.11931,0.48290,0.27703,1.42685,2.66491,0.11556,0.91484,0.85449,0.19641,0.10419,,0.11035,,0.40272,0.11226,0.10554,0.12838,2
0.12774,0.54003,0.34280,1.52423,2.40793,0.18918,1.31353,0.84619,0.22679,,0.16079,0.14344,,0.55941,0.15391,0.23028,,6
0.11072,0.62587,0.27539,1.60440,2.45772,0.15769,1.31343,0.90137,0.25632,0.16260,0.13328,0.13524,0.16532,0.47493,0.16423,0.18025,0.24749,1
0.11724,0.76297,0.30210,1.47821,2.27028,0.20681,1.16020,0.74244,0.23783,0.18788,0.16354,0.13681,0.18088,0.39198,,0.29844,0.37369,1
0.11711,0.57144,0.29214,1.65135,2.20719,0.14837,1.29106,0.84421,0.20719,0.14550,0.11622,0.14006,0.12766,0.56172,0.12312,0.15611,,6
0.09370,0.39364,0.26726,1.15754,1.96992,0.19195,1.19758,0.63990,0.20645,,,0.09478,0.13482,0.35339,,,,0
0.10233,0.45193,0.26610,1.45596,2.20789,0.12511,1.24296,0.89830,0.19211,0.13695,0.10753,0.10583,0.10771,0.51839,0.11058,0.14099,0.14870,5
0.09670,0.48765,0.26472,1.31514,1.98049,0.18719,1.39285,0.68227,0.20290,,0.15041,0.12917,0.10793,0.45087,0.19064,0.19703,,3
0.13429,0.58089,0.31635,2.03092,2.45707,0.16551,1.52650,0.99477,0.23555,0.16323,0.11967,0.13537,0.11828,0.57235,0.16720,0.17135,0.19878,4
0.13485,0.54485,0.30100,1.55543,2.32965,0.16225,1.22096,0.82949,0.23637,0.18935,,0.12379,0.13563,0.52102,,,0.25895,6
0.13229,0.56614,0.24569,1.58795,2.07904,0.14572,1.06016,0.84669,0.22175,0.13414,0.12479,0.10883,0.13599,0.35627,0.11632,0.16285,0.16587,2
0.13443,0.45114,0.24143,1.38608,1.96945,0.11688,0.94354,0.84397,0.19156,0.14101,,0.09949,0.11308,0.38253,0.12338,0.15561,0.15941,6
0.13959,0.48897,0.28364,1.40843,2.41208,0.12497,1.03928,0.90235,0.22243,,0.10173,0.11233,0.10545,0.41084,0.13717,,,2
0.12795,0.53704,0.28372,1.56278,2.55060,0.17380,1.53377,0.81828,0.21826,,0.13211,0.14726,0.10705,0.48039,0.15528,0.18756,,3
0.16239,0.61977,0.30479,1.64372,2.45662,0.20577,1.30498,0.82818,0.31516,0.23595,,0.13316,0.17616,0.50566,0.20502,0.30083,,1
0.11973,0.62376,0.28609,1.81085,2.46673,0.15600,1.37025,0.80693,0.20401,0.14149,0.12215,0.13516,0.10511,0.48688,0.45084,0.15623,0.30509,3
0.12686,0.39351,0.26820,1.16534,1.74379,0.15703,1.31714,0.68975,0.21665,0.21927,0.17722,0.11320,0.18066,0.38841,0.26262,,0.26262,4
0.13610,0.52234,0.34633,1.65721,2.28454,0.13881,1.07835,0.87343,0.22290,0.13148,0.10214,0.11462,0.10764,0.47943,0.17474,0.13758,0.15281,6
0.13432,0.49778,0.33244,1.62949,2.37333,0.16019,1.60149,0.91046,0.23578,0.15624,0.10837,0.14454,0.11211,0.46866,0.15920,0.15899,0.17267,4
0.11588,0.54500,0.27957,1.67730,2.54739,0.16234,1.35845,0.80056,0.20515,0.14498,0.12399,0.13822,0.11723,0.53346,0.11796,0.15797,0.18676,1
0.12388,0.47541,0.28072,1.28294,2.09375,0.12878,1.13535,0.83605,0.18139,0.14667,0.11264,0.11279,0.11134,0.49537,0.17351,0.14675,0.20180,2
0.10132,0.52313,0.26217,1.30250,2.20746,0.15216,1.41444,0.75776,0.19237,,,0.12390,0.10470,0.41046,0.21592,0.14926,,7
0.16671,0.59947,0.26140,1.74122,2.57607,0.17865,1.48483,0.91892,0.22868,,,0.14724,0.13064,0.44149,,,0.21244,3
0.14311,0.51875,0.35596,1.35121,2.37609,0.15499,1.23706,0.89387,0.24671,0.15990,,0.12403,0.10709,0.39480,0.29068,0.16346,0.24010,4
0.12066,0.59400,0.30157,1.87472,2.54316,0.15358,1.38683,0.75921,0.20264,0.12457,0.11490,0.13814,0.10194,0.54441,0.43120,0.15580,0.28720,3
0.11065,0.54784,0.26830,1.66168,2.46699,0.14756,1.38464,0.87628,0.18440,0.12894,,0.12657,0.10842,0.50091,,0.17769,,7
0.12108,0.41950,0.27937,1.13398,1.67697,0.20855,1.16984,0.70518,0.20525,0.19130,0.16744,0.09827,0.17344,0.32888,0.23781,,0.25596,4
0.10568,0.45504,0.27894,1.18453,2.26674,0.12316,0.99807,0.80998,0.21065,,0.12519,0.10416,0.10162,0.37527,0.14795,,,2
0.16623,0.56141,0.31679,1.42145,2.25857,0.16241,1.33822,0.86697,0.22849,0.15033,0.12204,0.13349,0.12788,0.51044,0.20784,0.17994,0.18680,1
0.14016,0.63743,0.31059,1.73036,2.27428,0.16986,1.33473,0.79754,0.22856,,0.14723,0.13366,0.13273,0.47952,,,,6
0.13613,0.41541,0.25200,1.28871,1.79243,0.13135,0.98087,0.83279,0.19013,0.19603,,0.09464,0.12502,0.42216,0.17874,0.21558,0.22528,6
0.12476,0.53268,0.31576,1.65762,2.27456,0.15489,1.15419,1.04340,0.20972,0.15322,0.11035,0.11808,0.10894,0.44491,0.15314,0.14980,0.19794,4
0.10115,0.41706,0.30599,1.34382,1.86556,0.15965,1.18530,0.75294,0.22425,,0.15215,0.10086,0.11446,0.41337,0.21490,0.20598,,0
0.16060,0.58138,0.29109,1.70721,2.58922,0.16833,1.28825,0.80427,0.25767,0.16799,,0.13458,0.13128,0.49193,0.15594,0.22516,,1
0.10013,0.53610,0.33088,1.28808,1.94305,0.18170,1.06247,0.84880,0.26474,0.19364,0.13265,0.10252,0.16039,0.39996,0.18133,0.24858,0.21477,6
0.10000,0.73110,0.27375,1.80670,2.36405,0.17218,1.34009,0.85949,0.24979,0.18203,0.15949,0.13680,0.18231,0.46020,0.19244,0.23666,0.31113,1
0.11233,0.63362,0.34666,1.45676,1.91687,0.21927,1.19955,0.72587,0.27153,0.18877,0.16422,0.13111,0.18914,0.37493,0.17724,0.24400,0.21034,1
0.07329,0.35293,0.20744,0.85318,1.33192,0.10927,0.75066,0.57740,0.16264,0.10710,0.08066,0.06725,0.09297,0.27336,0.07969,0.12147,0.10179,6
0.15032,0.60035,0.29449,1.43734,2.05225,0.15564,1.13996,0.84940,0.27022,0.18289,0.14136,0.11804,0.14034,0.39414,0.22590,0.19604,0.24009,4
0.16986,0.53986,0.27569,1.67597,2.41389,0.17778,1.41556,0.80597,0.20861,0.20139,0.18458,0.12208,0.15694,0.45403,0.22056,0.26514,0.24667,7
0.09657,0.54378,0.35793,1.40813,2.32561,0.17552,1.36985,0.95629,0.26056,,0.16638,0.12651,,0.53120,0.17088,0.23950,,6
0.14140,0.50382,0.31220,1.29760,2.22685,0.14493,1.01248,0.89281,0.22685,,,0.11705,0.11806,0.45662,0.13839,,0.18287,0
0.13432,0.49877,0.26993,1.71171,2.17581,0.12865,0.96096,0.82808,0.19335,0.12449,0.10285,0.11370,0.11896,0.39640,0.09678,0.14865,0.15035,5
0.13856,0.49211,0.35717,1.21598,2.03813,0.16995,1.12393,0.89382,0.25920,,,0.11884,0.17324,0.44527,0.17801,,0.23570,0
0.15917,0.63496,0.27479,1.97321,2.37880,0.18238,1.37722,0.84599,0.22350,0.19327,,0.12135,0.15344,0.50616,,0.28682,,3
0.14325,0.66158,0.31618,1.75172,2.26473,0.17400,1.30755,0.82955,0.23456,,0.15093,0.13911,0.14277,0.49681,,,,6
0.13109,0.52248,0.34961,1.78517,2.19387,0.16133,1.15196,0.87228,0.22955,0.12989,0.12985,0.12874,0.13266,0.56675,0.20089,0.16516,0.17942,0
0.10874,0.44625,0.25716,1.25360,2.17209,0.15973,1.41911,0.73091,0.18687,,,0.12458,0.10865,0.42241,0.21685,0.15101,,7
0.11195,0.55202,0.25534,1.86099,2.02896,0.16730,1.29697,0.84985,0.23990,0.14720,0.12853,0.13043,0.13558,0.38043,0.13081,0.17997,0.16378,3
0.15728,0.58840,0.26764,2.08621,2.45776,0.16207,1.28601,0.88070,0.19922,0.16869,,0.13047,0.12700,0.53264,,0.21354,,3
0.09937,0.58408,0.29288,1.41727,2.65895,0.18185,1.40730,0.89234,0.35221,0.14805,0.15177,0.13199,0.16664,0.37671,0.14450,0.18912,0.23847,3
0.11213,0.41018,0.27500,1.43787,1.88927,0.11693,1.01423,0.71033,0.22190,,0.09894,0.10741,0.09903,0.38119,0.19003,0.14724,,0
0.15182,0.61320,0.26099,1.89608,2.65387,0.16527,1.39243,0.95469,0.24396,,,0.14657,0.12103,0.43622,,,0.16907,3
0.14255,0.61309,0.26004,1.69518,2.55025,0.19007,1.47862,0.93205,0.23236,,,0.14909,0.13281,0.43395,,,0.20908,3
0.10479,0.66090,0.32257,1.49488,2.34589,0.17935,1.83935,0.94376,0.29144,0.14681,0.14681,0.14105,0.15988,0.42301,0.21394,0.20010,0.24801,3
0.09772,0.37127,0.28092,1.04318,1.90703,0.12642,1.21403,0.84151,0.21552,0.16835,0.13441,0.09859,0.14289,0.40709,0.20042,0.17809,0.23424,2
0.14204,0.45716,0.25763,1.67174,2.00461,0.10975,1.00988,0.84927,0.20040,0.11668,,0.10659,0.10432,0.44158,0.11197,0.13510,0.13112,6
0.09971,0.45961,0.28543,1.34214,2.07821,0.13335,1.26068,0.90611,0.21955,0.15504,0.12417,0.10780,0.13818,0.47480,0.19292,0.17033,0.21195,0
0.10099,0.41168,0.25408,1.17548,2.22720,0.11386,0.96295,0.84137,0.18873,0.12235,,0.09610,,0.33989,0.12389,0.12775,0.16905,2
0.12908,0.53413,0.28709,1.75284,2.10703,0.19063,1.38874,0.89575,0.25870,0.12539,0.12938,0.14539,0.13693,0.44413,0.12443,0.17027,0.15004,3
0.17474,0.59428,0.29665,1.80050,2.62226,0.16496,1.31064,0.86320,0.25529,0.15169,,0.13626,0.12226,0.53471,0.14254,0.19663,,1
0.13431,0.59238,0.31146,1.20059,2.38372,0.18114,1.44485,0.81069,0.23414,0.15126,0.13579,0.14340,0.12649,0.56782,0.14702,0.19012,0.20544,1
0.13830,0.49771,0.29927,1.32529,2.17425,0.12845,0.96771,0.85834,0.23424,,,0.11555,0.11876,0.42841,0.12097,,0.15906,0
0.11284,0.48125,0.29551,1.25202,1.97850,0.17038,0.97365,0.90915,0.22874,0.16263,0.12447,0.10394,0.16036,0.28241,0.17475,0.21274,0.18865,2
0.11654,0.51480,0.30957,1.41449,2.35655,0.14671,1.31678,0.76806,0.21359,0.15008,,0.11587,,0.33215,0.31610,0.15478,0.23415,4
0.12130,0.53457,0.32015,1.55435,2.30787,0.15871,1.14116,0.94883,0.23593,0.14413,0.10639,0.12559,0.13696,0.41294,0.12204,0.16094,0.17000,6
0.10986,0.46264,0.28058,1.39885,2.05913,0.14631,0.99180,0.81977,0.21122,0.13680,0.11857,0.11270,0.12971,0.37141,0.10429,0.15857,0.15259,0
0.11532,0.53556,0.31478,1.47346,1.88167,0.16941,1.08098,0.87251,0.22450,0.19302,0.13221,0.10846,0.12606,0.31922,0.19845,0.19588,0.21219,4
0.15645,0.55054,0.27144,1.96340,2.32494,0.16185,1.25806,0.80280,0.18828,0.17180,,0.12753,0.14173,0.49124,,0.23007,,3
0.15045,0.35680,0.27833,1.28265,1.87003,0.14627,1.25294,0.73660,0.23433,0.19401,0.17526,0.11735,0.16076,0.42834,0.23606,,0.24111,4
0.15386,0.58850,0.30350,1.73492,2.19308,0.18886,1.16492,0.75784,0.24095,,0.21460,0.11866,0.16452,0.47607,,,,2
0.18746,0.57355,0.35175,2.45489,2.50320,0.15588,1.21661,1.00356,0.25338,0.15500,0.14768,0.13861,0.15007,0.75959,0.14831,0.16500,0.18675,0
0.15715,0.59416,0.31758,1.34457,1.87431,0.17668,1.15745,0.83778,0.27956,0.20978,0.17758,0.12137,0.15283,0.39541,0.24556,0.25585,0.30848,4
0.12378,0.50080,0.31316,1.52952,2.34720,0.17255,1.58733,0.93502,0.24780,0.19124,0.12960,0.13108,0.11251,0.49387,0.17143,0.16933,0.21810,4
0.12534,0.49262,0.33582,1.19831,1.91049,0.17707,1.02594,0.86557,0.26026,,,0.11399,0.14415,0.47187,0.17237,,0.23156,0
0.11356,0.62738,0.30474,1.51813,2.06980,0.20636,1.30954,0.77767,0.26529,0.18144,0.16595,0.14183,0.17218,0.37726,0.17106,0.24134,0.20939,1
0.16606,0.47844,0.29441,1.44090,2.19688,0.13645,0.87667,1.20460,0.20427,0.11440,0.10652,0.11280,0.11065,0.52343,,0.13629,,0
0.14484,0.54522,0.32422,1.76044,2.12378,0.15283,1.16996,0.95539,0.23321,0.15447,0.11800,0.11650,0.12863,0.40353,0.17203,0.16497,0.19338,4
0.09868,0.43526,0.32269,1.41308,1.87489,0.15043,1.15793,0.73421,0.23152,,0.13586,0.10809,0.10249,0.39695,0.19836,0.17787,,0
0.12339,0.48385,0.27247,1.71333,2.21811,0.11794,1.03350,0.93084,0.18656,0.12150,0.09540,0.10751,0.09964,0.46616,0.09224,0.12709,0.13065,2
0.14209,0.48857,0.29225,1.93493,2.30735,0.14536,1.09803,0.99113,0.21776,0.13069,0.10894,0.11208,0.12299,0.47785,0.13186,0.16169,0.14400,0
0.12013,0.49883,0.28132,1.46770,2.20765,0.13366,1.17973,0.95362,0.25708,0.14273,0.09542,0.12107,0.09589,0.45378,0.11395,0.13046,0.15102,6
0.09909,0.65874,0.34637,1.95468,2.57321,0.22084,1.74072,0.91757,0.28016,,,0.11931,0.24039,0.48367,0.29038,,,7
0.11121,0.50949,0.27445,1.37651,1.92913,0.14466,1.06025,0.78407,0.19509,0.13524,0.11931,0.10564,0.13378,0.36510,0.11095,0.16961,0.16098,5
0.11888,0.49182,0.30108,1.53208,2.20215,0.13871,1.20884,0.94032,0.24421,0.13172,0.09994,0.12790,0.10418,0.45131,0.11798,0.12873,0.15639,6
0.13608,0.59717,0.26580,1.62247,2.40602,0.18829,1.43833,0.87808,0.27455,,,0.13035,0.15773,0.48178,,0.25068,0.24367,7
0.15240,0.48529,0.31364,1.98895,2.39456,0.16492,1.12900,0.97099,0.22710,0.13084,0.11804,0.12536,0.13034,0.48805,0.12951,0.14825,0.16621,0
0.14339,0.50172,0.27779,1.40978,2.04230,0.17549,1.50082,0.72386,0.23969,0.23984,0.21164,0.12149,0.15419,0.38023,0.24854,,0.29804,7
0.11929,0.55018,0.29187,1.75688,2.61118,0.16144,1.34341,0.81931,0.20423,0.13258,0.11412,0.13774,0.11508,0.54708,0.10569,0.15596,0.18522,1
0.18541,0.58470,0.34478,2.53141,2.53600,0.15433,1.25954,1.01951,0.24145,0.13894,0.12554,0.13283,0.13746,0.53044,0.13558,0.17563,0.15361,0
0.17455,0.55528,0.30760,2.19330,2.44382,0.14397,1.15449,0.96894,0.22485,0.14107,0.12640,0.12163,0.14259,0.49045,0.12965,0.16127,0.18306,0
0.14470,0.63523,0.31523,1.63551,2.18863,0.18653,1.33530,0.83172,0.24632,,0.16618,0.14077,0.14877,0.45909,,,,6
0.12140,0.63025,0.35652,1.49008,2.52637,0.18452,1.26712,1.02038,0.29233,0.22761,,0.11890,0.18756,0.42035,0.33506,0.25299,0.36528,4
0.14734,0.53641,0.35448,1.50382,2.53011,0.13856,1.24076,0.90543,0.23816,0.14952,,0.11935,0.10651,0.39810,0.29383,0.15849,0.24106,4
0.13059,0.53903,0.30228,1.97915,2.32912,0.15480,1.45324,0.94890,0.22405,0.15989,0.11604,0.13065,0.11592,0.58905,0.17528,0.16330,0.17606,4
0.13258,0.35507,0.23348,1.12741,1.68332,0.13788,1.17789,0.67498,0.17847,0.13853,0.17860,0.13866,,0.44014,0.12961,0.16529,0.16399,6
0.10549,0.47915,0.27690,1.33567,2.10933,0.13514,1.23137,0.94269,0.23719,0.14639,0.11291,0.11277,0.10946,0.43547,0.13488,0.13660,0.17565,6
0.10775,0.47355,0.26665,1.48631,2.49621,0.15030,1.24824,0.77812,0.20551,0.12227,0.10831,0.12856,0.10165,0.50629,0.10664,0.13883,0.19469,1
0.13369,0.48004,0.32727,1.22201,2.10235,0.16224,1.01592,0.89146,0.24172,,,0.11537,0.14190,0.43303,0.15163,,0.20255,0
0.16314,0.66911,0.27047,2.01361,2.37671,0.13386,1.12495,0.79142,0.22317,,0.13210,0.12123,0.12064,0.41461,,,,2
0.11679,0.46077,0.25672,1.40896,2.45525,0.14566,1.14407,0.82726,0.23219,0.11010,,0.12284,0.10436,0.38380,0.10373,0.14598,0.15681,5
0.11154,0.63620,0.30980,1.55642,2.09671,0.22260,1.31028,0.78997,0.26402,0.17859,0.15345,0.15039,0.18085,0.37057,0.16957,0.27998,0.22018,1
0.11063,0.52668,0.25921,1.22670,2.14616,0.16459,1.06533,0.70435,0.24733,0.14214,0.12664,0.12341,0.14737,0.39088,0.12794,0.20767,0.17536,1
0.09832,0.55523,0.30848,1.45637,2.09873,0.16377,1.35211,0.92378,0.22342,0.18779,0.16073,0.12980,0.10909,0.52002,0.14968,0.20353,,6
0.11627,0.48654,0.29478,1.45171,2.17623,0.13091,1.23422,0.97783,0.24817,0.14160,0.09776,0.11765,0.10103,0.44627,0.11577,0.13487,0.16287,6
0.13859,0.53284,0.27546,1.48884,1.95946,0.20475,1.26226,0.71669,0.25141,,,0.13404,0.16892,0.39912,,,0.39582,3
0.18831,0.64405,0.31554,1.62921,2.47510,0.21819,1.29374,0.78181,0.29280,0.21857,,0.13061,0.17008,0.53223,0.20391,0.28980,,1
0.15417,0.63368,0.30259,1.77063,2.28023,0.19197,1.15219,0.77776,0.24164,,0.19137,0.12725,0.16901,0.50861,,,,2
0.09572,0.62808,0.30629,1.60301,2.48519,0.19553,1.50228,0.91363,0.20374,0.25524,,0.13286,0.15064,0.55173,0.25114,,,7
0.09233,0.54193,0.26457,1.51128,2.37608,0.16642,1.28639,0.81121,0.20703,0.15419,0.13276,0.11978,0.10700,0.46314,0.14329,0.17770,0.22001,1
0.15275,0.52737,0.33579,2.05896,2.51556,0.13875,1.28592,0.84162,0.24184,0.14859,0.11813,0.11928,0.12305,0.51955,0.18381,0.16330,0.16308,5
0.11311,0.55860,0.31683,1.36654,2.21027,0.17713,1.36408,0.84844,0.24852,0.20986,,0.12027,,0.39804,0.28902,0.20127,0.28063,4
0.17180,0.59742,0.29569,1.68674,2.61750,0.17305,1.29147,0.79945,0.25234,0.18161,,0.13450,0.12811,0.48095,0.15663,0.21812,,1
0.16363,0.60061,0.27283,1.86805,2.26744,0.19312,1.29946,0.82642,0.20543,0.20391,,0.13296,0.15858,0.46832,,0.31446,,3
0.09469,0.61493,0.26178,1.22926,1.94972,0.19886,1.18742,0.82342,0.28511,0.19178,0.15370,0.13036,0.14120,0.36941,0.14602,0.22129,0.20894,7
0.13394,0.50735,0.29110,1.83411,2.19726,0.12733,1.06559,0.92953,0.19124,0.11263,0.09281,0.11678,0.10455,0.47401,0.09311,0.12457,0.11781,2
0.10091,0.51117,0.29185,1.34034,2.03984,0.13421,1.02183,0.81157,0.22334,0.16610,0.10372,0.10161,0.10704,0.36419,0.15231,0.15996,0.16187,6
0.11306,0.49412,0.27663,1.36750,2.04231,0.19321,1.29450,0.71875,0.21942,0.21570,0.18814,0.14241,0.14628,0.39729,0.19485,,0.24818,7
0.09208,0.50194,0.29836,1.24006,2.08610,0.21196,1.30284,0.73662,0.20688,,,0.11898,0.16143,0.49238,,,,0
0.10805,0.73230,0.30999,1.45102,2.10204,0.20446,1.13113,0.71368,0.25141,0.19069,0.16857,0.13909,0.18545,0.37866,,0.26906,0.35577,1
0.16033,0.62761,0.29049,1.68410,2.37148,0.21536,1.36106,0.78885,0.20366,0.24735,0.21444,0.12614,0.17441,0.48190,0.24296,0.32614,0.29159,7
0.12578,0.54394,0.27787,1.53354,2.80932,0.16700,1.49402,0.84720,0.22616,0.13696,0.11188,0.13905,0.11071,0.45668,0.12073,0.16762,0.17554,3
0.12720,0.47744,0.30224,1.58981,2.36235,0.12688,1.16763,0.91749,0.22117,0.12592,0.10192,0.11157,0.10779,0.53104,0.11045,0.14027,0.13467,2
0.18373,0.52618,0.30305,2.17544,2.34925,0.13860,1.24757,0.96011,0.22667,0.15022,0.12754,0.12520,0.13555,0.53128,0.12287,0.16325,0.17785,0
0.13336,0.44568,0.25066,1.47049,2.21937,0.15169,1.26462,0.74560,0.20679,0.17477,0.14813,0.12050,0.13491,0.46921,0.17258,,0.22494,7
0.12910,0.50093,0.31090,1.40856,2.07096,0.13805,1.12824,0.84326,0.23221,0.14836,0.11571,0.10948,0.12051,0.37434,0.23106,0.15917,0.21445,5
0.16659,0.50032,0.27224,1.95953,2.19065,0.14225,1.10436,0.93436,0.21785,0.16290,0.13386,0.11570,0.13506,0.48981,0.12538,0.17516,0.19591,0
0.12957,0.37362,0.23515,1.13701,1.69382,0.12884,1.11568,0.68425,0.17608,0.13209,0.14359,0.11136,,0.45435,0.11701,0.16286,0.15821,6
0.14212,0.54942,0.26609,1.59982,2.54147,0.16807,1.21606,0.72754,0.21411,0.14354,0.12457,0.13259,0.12337,0.45860,,0.20271,0.25634,1
0.15487,0.56893,0.25629,2.17428,2.39521,0.14611,1.32569,0.85887,0.19672,0.14586,,0.12638,0.13268,0.51402,,0.17800,,3
0.14058,0.56796,0.25475,1.74922,2.46852,0.14958,1.41532,0.88873,0.25101,,,0.12951,0.12249,0.46409,,0.18301,0.16874,7
0.14831,0.50753,0.34841,1.41590,2.49062,0.14496,1.29447,0.89028,0.24430,0.14496,,0.12000,0.10327,0.41417,0.28605,0.16157,0.22423,4
0.11640,0.54642,0.29773,1.47484,2.83737,0.19298,1.52708,0.80202,0.22615,0.15918,0.14419,0.14650,0.13087,0.43860,0.13446,0.19106,0.22064,3
0.15374,0.63580,0.27981,1.83698,2.44602,0.16849,1.15800,0.76764,0.23996,,0.17883,0.12530,0.14234,0.42853,,,,2
0.09928,0.53018,0.26665,1.75966,2.57290,0.16343,1.41991,0.81242,0.19965,0.13319,0.11067,0.13617,0.10498,0.39441,,0.15001,,3
0.10722,0.39151,0.23840,1.24873,2.12838,0.14355,1.16726,0.65566,0.18345,,,0.11053,0.10314,0.33134,,,,0
0.11043,0.34913,0.23700,1.06238,1.61196,0.15059,1.11867,0.69148,0.19233,0.16740,0.17834,0.11235,,0.47152,0.14721,0.23418,0.19707,6
0.11210,0.62488,0.30874,1.57739,2.47730,0.18391,1.43524,0.86661,0.23995,0.15572,0.14654,0.14957,0.10897,0.47093,0.24528,0.20217,0.24037,3
0.11125,0.47888,0.28491,1.27040,1.96872,0.15946,0.96372,0.93744,0.22412,0.17075,0.12867,0.09690,0.13351,0.29136,0.13721,0.21235,0.18736,2
0.16497,0.63224,0.30982,1.61512,2.41817,0.20862,1.30455,0.80455,0.28330,0.21275,,0.13299,0.17400,0.50339,0.21539,0.30907,,1
0.15419,0.53933,0.32587,1.67085,2.26755,0.15127,1.09084,0.95458,0.23766,0.16075,0.11876,0.11796,0.13698,0.39608,0.15805,0.16891,0.20799,4
0.13033,0.61288,0.29665,1.50334,2.29042,0.17445,1.28304,0.80310,0.22640,0.14318,0.11577,0.13936,0.12378,0.55433,0.13154,0.17509,0.18736,1
0.12246,0.50420,0.30056,1.60572,2.29777,0.14441,1.19358,0.90046,0.19798,0.12342,0.09565,0.11619,0.10622,0.56034,0.09100,0.12919,0.14021,5
0.12494,0.41899,0.32606,1.52726,1.94225,0.13704,1.04773,0.71957,0.22281,,0.11498,0.12424,0.11460,0.38578,0.18414,0.15498,,0
0.14198,0.43030,0.27187,1.41408,2.01053,0.15749,1.32450,0.68845,0.20747,,,0.12194,0.13418,0.40028,,,0.28084,3
0.11626,0.51844,0.26726,1.58112,2.09179,0.13001,1.00330,0.80195,0.18645,0.12456,0.10974,0.10376,0.11314,0.36664,0.10537,0.15385,0.15814,5
0.16150,0.62715,0.26773,1.89710,2.29998,0.14574,1.10586,0.77831,0.22390,,0.14919,0.12001,0.14020,0.41913,,,,2
0.16789,0.62366,0.31191,1.68840,2.54346,0.19100,1.29660,0.83196,0.26921,0.19620,,0.13667,0.14493,0.54806,0.17524,0.25436,,1
0.16012,0.71059,0.31030,1.70190,2.38912,0.21763,1.47373,0.95676,0.27307,,,0.15370,0.18825,0.48118,,,0.29375,3
0.13527,0.55430,0.29000,1.45718,1.95524,0.20417,1.47879,0.71448,0.22849,0.28202,0.21993,0.12748,0.19443,0.40911,0.25029,,0.26022,7
0.14220,0.46947,0.28213,1.45545,2.09408,0.13400,1.14683,0.91898,0.22773,0.20504,0.13816,0.10287,0.12877,0.44381,0.19185,0.19411,0.24376,2
0.10871,0.38348,0.29636,1.39619,1.86006,0.13815,1.03584,0.71260,0.21469,,0.10803,0.11545,0.10410,0.37469,0.18781,0.15121,,0
0.10979,0.46029,0.29950,1.30354,2.21705,0.13179,1.24901,0.73238,0.21597,0.13006,,0.11390,,0.30527,0.28717,0.12782,0.22044,4
0.14786,0.60370,0.31849,1.62097,2.03728,0.21541,1.19264,0.74456,0.25219,,0.26095,0.11359,0.16512,0.48036,,,,2
0.11609,0.56863,0.25200,1.49341,1.99938,0.14982,1.02967,0.81731,0.23280,0.14108,0.13419,0.10846,0.12766,0.35492,0.14404,0.17777,0.19205,2
0.11708,0.49786,0.26369,1.32543,2.41219,0.11179,0.89960,0.88234,0.19869,0.11215,,0.10207,,0.37265,0.10845,0.11948,0.14015,2
0.11119,0.57476,0.28250,1.52667,2.45466,0.15872,1.39581,0.99335,0.22676,0.19593,,0.12618,0.18433,0.52737,,0.25152,,7
0.12094,0.41578,0.25639,1.36307,2.51157,0.13775,1.13128,0.78223,0.21021,0.08830,,0.12149,0.09405,0.34089,0.08685,0.10813,0.11381,5
0.15225,0.61594,0.28409,1.82869,2.44448,0.13303,1.14798,0.88801,0.22445,0.13603,,0.11634,0.11539,0.46678,,,0.15818,6
0.11213,0.62894,0.25985,1.90796,2.04254,0.17017,1.20575,0.78033,0.22006,0.13642,0.13222,0.11843,0.15835,0.36423,0.12474,0.22623,0.16820,7
0.12473,0.57135,0.30367,1.78879,2.22138,0.14882,1.18012,0.83370,0.21146,0.12740,0.12084,0.14877,0.12088,0.54124,0.12167,0.15810,,6
0.10558,0.43176,0.29492,1.44367,1.91636,0.13177,1.21340,0.76749,0.22874,,0.11997,0.11502,0.10346,0.41135,0.20113,0.15324,,0
0.10636,0.60959,0.26092,1.31016,2.21453,0.17446,1.11062,0.71621,0.24864,0.15224,0.14926,0.12355,0.12497,0.38524,0.14048,0.19785,0.19113,1
0.15747,0.58427,0.33737,1.58590,2.38847,0.15517,1.21697,0.92461,0.28567,0.17166,0.13192,0.12924,0.13585,0.40318,0.21882,0.20181,0.21979,4
0.12425,0.47389,0.27634,1.58589,2.14552,0.14669,1.08849,0.93052,0.20372,0.14503,0.11749,0.10799,0.12200,0.36521,0.09966,0.15581,0.16031,0
0.11654,0.68073,0.30318,1.69784,2.39976,0.17156,1.32131,1.00000,0.31601,,,0.13162,0.19030,0.46944,0.19784,,,1
0.10918,0.47887,0.29048,1.41145,2.05334,0.14974,1.00270,0.85286,0.21846,0.13735,0.12137,0.11677,0.12966,0.37948,0.10888,0.16162,0.14304,0
0.14057,0.55241,0.30166,1.50628,2.73988,0.12369,1.07500,0.94513,0.22316,,0.10024,0.11387,0.10826,0.41694,0.14905,,,2
0.11135,0.50678,0.28679,1.71701,2.60535,0.15870,1.47563,0.80186,0.19814,0.12019,0.09864,0.14026,0.10384,0.42340,,0.15785,,3
0.14975,0.62302,0.28407,1.74625,2.45909,0.18961,1.42119,0.82133,0.20182,0.22133,0.20533,0.12323,0.16702,0.50302,0.19607,0.28014,0.25333,7
0.09837,0.67859,0.35366,1.62005,2.15935,0.25122,1.56206,0.95393,0.27832,0.21463,0.22656,0.14661,,0.44255,0.24553,,0.36531,5
0.15343,0.52019,0.35798,1.54692,2.29589,0.16461,1.32753,0.93769,0.24651,0.14601,0.11671,0.12833,0.12789,0.41799,0.23014,0.16139,0.19817,5
0.11383,0.48813,0.31268,1.47536,2.12874,0.16782,1.21445,0.82455,0.21788,0.16105,0.13611,0.12762,0.12094,0.51684,0.14348,0.18977,,6
0.10856,0.46692,0.29448,1.38956,2.04043,0.14446,1.28477,0.66651,0.19506,0.15351,0.13117,0.12213,,0.39766,0.15548,,0.18705,5
0.12128,0.53339,0.26577,1.76378,2.44350,0.15901,1.51907,0.74640,0.20084,,,0.12578,0.11187,0.48471,0.18703,,,7
0.11192,0.45730,0.25495,1.33153,2.35988,0.14662,1.19562,0.73662,0.19765,0.11820,0.09213,0.12362,0.09931,0.46991,0.09637,0.15296,0.15256,1
0.15351,0.37369,0.24993,1.68011,1.85403,0.13335,0.83212,0.68495,0.19323,0.13045,0.14957,0.11408,0.13759,0.48453,0.10765,0.15206,0.15775,0
0.14827,0.50126,0.27058,1.70869,2.44307,0.14375,1.37359,0.81085,0.19503,0.16887,0.13904,0.12561,0.13226,0.47594,0.16325,0.19851,0.18573,7
0.11560,0.46348,0.26204,1.22922,2.10803,0.14121,1.20956,0.82543,0.22759,0.14157,,0.10442,0.10730,0.39026,0.14121,0.17403,0.23643,5
0.14194,0.46213,0.28528,1.49834,2.11616,0.12449,1.19350,0.92497,0.20945,0.17705,0.12960,0.09760,0.11797,0.44067,0.18166,0.17364,0.20965,2
0.11878,0.49705,0.28211,1.50671,2.26460,0.15427,1.25929,0.91216,0.20246,0.13663,0.10025,0.10965,0.11347,0.55456,0.10307,0.12884,0.15199,5
0.10604,0.47610,0.27547,1.28885,2.24779,0.16178,1.40735,0.73616,0.19574,,,0.12883,0.10410,0.40615,0.22850,0.14747,,7
0.11867,0.55601,0.27316,1.76539,2.08131,0.16299,1.30275,0.89035,0.24830,0.12674,0.11993,0.12911,0.12408,0.41477,0.13377,0.17106,0.15086,3
0.11733,0.43844,0.25951,1.41756,2.56021,0.16242,1.10788,0.81337,0.21140,0.10328,,0.12209,0.09558,0.36977,0.09748,0.12289,0.13090,5
0.14967,0.51624,0.25758,1.74092,2.47765,0.15679,1.38105,0.80044,0.19270,0.16616,0.16960,0.12783,0.15445,0.48326,0.16784,0.21472,0.21924,7
0.13133,0.46699,0.30717,1.60442,2.29562,0.14697,1.23853,0.91399,0.21310,0.13553,0.13536,0.10900,0.11477,0.56885,0.17453,0.14522,0.16810,5
0.11025,0.47411,0.30861,1.50409,2.10714,0.15315,1.19548,0.94879,0.21128,0.16642,0.13366,0.11613,0.11463,0.42279,0.14843,0.16365,0.19121,4
0.16031,0.59042,0.29284,1.94875,2.31364,0.20290,1.27734,0.85854,0.20039,0.20793,,0.12107,0.12973,0.51794,,0.25960,,3
0.11023,0.52069,0.29092,1.37492,2.22381,0.14975,1.29750,0.79669,0.23872,0.16528,,0.11333,,0.32807,0.30894,0.16118,0.26619,4
0.13815,0.45299,0.33404,1.66628,2.43637,0.16308,1.48619,0.89647,0.24042,0.15040,0.12781,0.14345,0.09817,0.46366,0.16544,0.17134,0.16828,4
0.12255,0.53858,0.30136,1.70047,2.58825,0.16657,1.39887,0.80688,0.21195,0.13995,0.11070,0.14233,0.10268,0.55869,0.10705,0.15918,0.16880,1
0.14280,0.57685,0.29532,1.66776,2.33684,0.16356,1.20441,0.84065,0.21978,0.19141,,0.11574,0.11745,0.49698,,,0.21926,6
0.09027,0.71056,0.32133,1.76377,2.41222,0.19731,1.30000,1.00352,0.33913,,,0.13747,0.18530,0.47495,0.22754,,,1
0.09922,0.49773,0.30950,1.37370,2.20882,0.15726,1.34728,0.79134,0.22584,0.18110,,0.11706,,0.33755,0.30350,0.17040,0.28518,4
0.10525,0.73281,0.34995,2.26393,2.46465,0.23526,1.71587,0.90648,0.28185,,,0.12805,0.24536,0.55165,0.32584,,,7
0.11857,0.53460,0.24902,1.75480,2.47408,0.15844,1.47397,0.74385,0.19325,,,0.13117,0.11372,0.50702,0.18891,,,7
0.11867,0.41534,0.24776,1.25200,2.45818,0.10941,0.91838,0.87043,0.19749,0.11211,,0.09735,,0.36073,0.12320,0.11857,0.14298,2
0.10303,0.51344,0.30558,1.56421,2.11381,0.13990,1.13490,0.83510,0.20872,0.15466,0.13154,0.11639,0.12381,0.51109,0.19700,0.16974,0.20505,0
0.15895,0.61204,0.28288,1.86257,2.72373,0.17808,1.45829,0.84653,0.20734,0.19581,0.16669,0.13082,0.16402,0.44704,0.18835,0.24181,0.25756,7
0.10502,0.59758,0.30297,1.84126,2.58978,0.18699,1.56487,0.88290,0.22379,0.14963,0.14572,0.13885,0.12881,0.39665,,0.17714,,3
0.11763,0.49099,0.30608,1.31932,1.98746,0.13237,1.10350,0.81703,0.21883,0.15101,0.11586,0.10235,0.11215,0.37964,0.21212,0.16655,0.19684,5
0.10245,0.67415,0.30566,1.72736,2.33509,0.17623,1.38358,0.81774,0.21283,0.15660,0.13830,0.13075,0.13321,0.46811,0.45509,0.20189,0.30943,3
0.12462,0.51398,0.32042,1.88411,2.19230,0.13461,1.10945,0.88686,0.20523,0.13666,0.10698,0.12523,0.11491,0.57848,0.19585,0.14940,0.18250,0
0.12522,0.54606,0.28471,1.57506,2.47447,0.18091,1.52566,0.82576,0.22735,,0.15499,0.14486,0.11637,0.50038,0.15961,0.20285,,3
0.14506,0.36054,0.22780,1.54081,1.80806,0.12622,0.91916,0.66736,0.19377,0.13007,0.12316,0.10868,0.13535,0.43604,0.11058,0.15980,0.15243,0
0.10758,0.63161,0.29126,1.92013,2.57807,0.20027,1.63400,0.77835,0.20369,,,0.14537,0.12536,0.47375,0.20951,,,7
0.13661,0.55378,0.33277,1.67424,2.38065,0.15052,1.17635,1.00248,0.24752,0.13587,0.11010,0.12792,0.13382,0.46131,0.11426,0.15592,0.14214,6
0.09593,0.58542,0.30258,1.81052,2.56276,0.18436,1.57555,0.84177,0.20939,0.15312,0.14635,0.13539,0.11438,0.42627,,0.17321,,3
0.10576,0.41389,0.25505,1.03139,1.55431,0.16539,1.06837,0.65707,0.17713,0.22243,0.17003,0.09798,,0.40625,0.16785,0.21698,0.20674,6
0.14253,0.66422,0.32236,1.89603,2.35248,0.16621,1.29595,0.85674,0.24052,,0.13673,0.13954,0.12729,0.48857,,,,6
0.13637,0.63884,0.36097,1.50137,2.01776,0.20227,1.30880,0.80707,0.25828,,0.18891,0.13912,0.16420,0.51895,,,,6
0.09713,0.43281,0.29437,1.28923,1.98794,0.13192,1.14298,0.89575,0.21245,0.16255,0.14190,0.10296,0.15000,0.45781,0.21077,0.18300,0.20840,0
0.16393,0.50430,0.25482,2.04668,2.34642,0.14625,1.31337,0.84778,0.19173,0.15628,,0.13486,0.12625,0.48240,,0.21850,,3
0.10713,0.55452,0.25944,1.72427,1.98856,0.16651,1.29556,0.84007,0.24419,0.14878,0.12724,0.13239,0.13982,0.41031,0.13877,0.19339,0.18004,3
0.11019,0.50715,0.32080,1.49686,2.18854,0.16018,1.26950,0.84811,0.20651,0.16934,0.12485,0.13331,0.12031,0.50698,0.14317,0.19517,,6
0.14560,0.55501,0.25984,1.77218,2.50372,0.16706,1.40215,0.82026,0.18869,0.16284,0.14103,0.12439,0.13571,0.49011,0.16892,0.20517,0.20593,7
0.13024,0.48000,0.30942,1.80556,2.08148,0.13191,1.17164,0.77039,0.22382,0.16085,0.13471,0.11173,0.11489,0.48772,0.18786,0.17322,0.22040,5
0.11127,0.43285,0.25065,1.24749,2.32530,0.10123,0.91483,0.86627,0.19291,0.11834,,0.09923,,0.34729,0.10659,0.11041,0.13689,2
0.14436,0.49882,0.29572,1.89204,2.34146,0.14170,1.10449,0.98824,0.22366,0.15024,0.11062,0.11477,0.12084,0.43358,0.11743,0.15854,0.14634,0
0.11013,0.43458,0.26474,1.36679,2.06428,0.13054,1.15552,0.95796,0.17913,0.14836,0.13679,0.10145,0.10693,0.41721,0.11363,0.16238,0.19634,2
0.09689,0.46939,0.35757,1.34189,1.99149,0.18423,1.26978,0.65034,0.21768,0.20036,0.17781,0.12974,,0.45417,0.20439,,0.26441,5
0.13527,0.52328,0.29993,1.60146,2.20476,0.14447,1.09133,0.85738,0.21645,0.12704,0.11132,0.11899,0.12621,0.47225,0.10449,0.14173,0.14173,0
0.17913,0.57240,0.32218,2.51012,2.73890,0.14566,1.22277,1.02395,0.23830,0.13263,0.12596,0.12677,0.12712,0.54028,0.12291,0.15708,0.14816,0
0.11772,0.47732,0.26960,1.37619,2.62703,0.11234,0.93983,0.88736,0.20502,0.11623,,0.10419,,0.37462,0.12086,0.11032,0.13394,2
0.13795,0.49713,0.29148,1.40150,2.16685,0.12407,1.18710,0.85346,0.19984,0.13704,0.11303,0.11502,0.11440,0.51306,0.17379,0.14762,0.16907,2
0.08520,0.56047,0.25803,1.36335,1.80999,0.16901,1.01527,0.74145,0.24675,0.17057,0.14663,0.10828,0.16380,0.37550,0.14888,0.21760,0.21031,2
0.11173,0.36715,0.22720,1.19621,2.15308,0.14617,0.98707,0.62870,0.18910,,,0.11548,0.09248,0.28908,,,,0
0.13260,0.45597,0.23602,1.40418,1.95874,0.11386,0.94691,0.83218,0.18638,0.13959,,0.10515,0.10549,0.43569,0.12517,0.15271,0.15824,6
0.11872,0.36346,0.22965,1.14873,1.63621,0.14998,1.09053,0.67924,0.19566,0.15769,0.18239,0.11151,,0.45855,0.15669,0.18015,0.19574,6
0.11959,0.42551,0.28019,1.27794,2.29620,0.14259,1.30082,0.93078,0.23930,0.17411,0.12896,0.09968,0.13524,0.44246,0.14270,0.17139,0.18206,2
0.11467,0.48183,0.28597,1.60521,2.03634,0.13953,1.37322,1.00213,0.24963,0.18162,0.15622,0.11828,0.14516,0.46419,0.16823,0.18215,0.21318,4
0.13563,0.45663,0.31776,1.43801,2.33001,0.16867,1.51922,0.90053,0.26189,0.18897,0.15377,0.13287,0.12122,0.49243,0.17732,0.20759,0.23522,4
0.08444,0.55019,0.25907,1.48101,2.35809,0.16616,1.43506,0.83588,0.19922,0.19871,,0.12699,0.11190,0.47355,0.18193,,,7
0.12670,0.39493,0.29468,1.25253,1.78566,0.15834,1.17973,0.71904,0.21125,0.18331,0.14957,0.10334,0.15192,0.36885,0.20717,,0.27169,4
0.11979,0.48782,0.27312,1.52204,2.46696,0.15606,1.51331,0.73871,0.19695,,0.10978,0.14786,0.09423,0.43843,0.16228,0.15120,,3
0.09960,0.28400,0.22707,0.91574,1.91693,0.14043,0.87793,0.93961,0.21033,0.14897,0.13136,0.09031,0.14724,0.39851,,0.17868,,0
0.13239,0.51915,0.32571,1.53973,2.23794,0.12979,1.03651,0.90771,0.22239,0.13915,0.09824,0.11113,0.11466,0.43554,0.16636,0.13853,0.15117,6
0.12126,0.49689,0.30143,1.73461,2.53031,0.16175,1.34295,0.79188,0.21445,0.13614,0.11481,0.14544,0.10609,0.55781,0.10802,0.15605,0.16500,1
0.11682,0.55562,0.28400,1.68308,2.53406,0.16223,1.31538,0.78493,0.21331,0.14685,0.12291,0.13426,0.10495,0.51445,0.12797,0.17121,0.19742,1
0.13349,0.38310,0.29165,1.37627,1.96844,0.14331,1.35154,0.73787,0.21446,0.15391,0.12672,0.11588,0.14720,0.41694,0.20967,,0.20709,4
0.14108,0.59946,0.25415,1.69641,2.48590,0.16116,1.46456,0.89562,0.25869,,,0.13490,0.12379,0.47982,,0.19554,0.18878,7
0.11307,0.49917,0.29736,1.37740,2.26599,0.14176,1.30909,0.74770,0.21485,0.13546,,0.11452,,0.31597,0.29229,0.13459,0.23491,4
0.14816,0.41097,0.24483,1.28867,1.81891,0.13995,0.97032,0.80339,0.18952,0.18368,,0.09330,0.11691,0.41479,0.14613,0.18885,0.19233,6
0.16220,0.53036,0.34946,1.66669,2.31845,0.15952,1.27812,0.96159,0.24875,0.15241,0.11447,0.11936,0.13562,0.41881,0.16412,0.16604,0.18102,4
0.12247,0.61578,0.30332,1.59268,2.37283,0.17344,1.32921,0.82749,0.22686,0.14742,0.12902,0.14398,0.12697,0.60539,0.14471,0.20303,0.22779,1
0.15769,0.57282,0.32337,1.56407,2.41496,0.14674,1.14778,0.89700,0.28600,0.15896,0.12426,0.12554,0.12693,0.40007,0.20502,0.17437,0.20479,4
0.10682,0.43170,0.24463,1.27778,2.18693,0.13352,1.14922,0.79133,0.21122,0.13500,,0.10212,0.10467,0.36473,0.11111,0.15070,0.18465,5
0.15079,0.57891,0.32652,1.58371,2.18628,0.15731,1.16075,0.89188,0.28257,0.16520,0.12196,0.12354,0.12325,0.40145,0.20822,0.18262,0.23561,4
0.14770,0.64239,0.28210,1.72028,2.54630,0.20405,1.49865,0.96502,0.23840,,,0.15688,0.15165,0.49248,,,0.26627,3
0.14954,0.55904,0.28622,1.62393,2.35358,0.15696,1.20312,0.81743,0.22913,0.18713,,0.11599,0.12718,0.45735,,,0.24512,6
0.12277,0.49943,0.31513,1.41065,2.29548,0.13891,1.21648,0.88378,0.22313,0.17404,0.12979,0.10653,0.12087,0.50161,0.18107,0.17205,0.20908,5
0.08689,0.49439,0.28937,1.52293,2.05779,0.13801,1.18586,0.95016,0.22462,0.18870,0.14227,0.10706,0.15278,0.48843,0.20929,0.20971,0.23200,0
0.14893,0.59650,0.26966,1.81062,2.58348,0.16721,1.39626,0.83072,0.19584,0.17083,0.13970,0.12608,0.14677,0.49293,0.16971,0.22232,0.21758,7
0.11519,0.43861,0.24504,1.32911,2.28882,0.13006,1.11519,0.80496,0.21624,0.10907,,0.10781,0.10601,0.38207,0.10032,0.13892,0.14114,5
0.13553,0.59403,0.25152,1.54442,2.12607,0.14145,1.02369,0.86655,0.22991,0.11938,0.11176,0.11591,0.12407,0.32390,0.10722,0.14568,0.14099,2
0.10609,0.58855,0.30081,1.70785,1.88041,0.20323,1.30301,0.83654,0.26735,0.14644,0.14028,0.13558,0.14967,0.37784,0.15143,0.21702,0.18958,3
0.12177,0.51921,0.32758,1.78693,2.26972,0.14110,1.14643,0.88725,0.20574,0.14219,0.10972,0.12777,0.11547,0.55622,0.20284,0.16055,0.19060,0
0.11247,0.44146,0.26220,1.31965,2.40759,0.13266,1.15705,0.83089,0.22791,0.13252,,0.10366,0.09986,0.39268,0.11599,0.15393,0.16924,5
0.09910,0.53321,0.27088,1.38052,2.17804,0.12689,1.13514,0.92381,0.23255,0.19621,0.15086,0.09024,0.13880,0.48007,0.17071,0.19728,0.24843,2
0.14220,0.57351,0.30779,1.78250,2.38458,0.16180,1.16864,0.89516,0.22980,,0.14634,0.14088,,0.58173,0.12283,0.18220,,6
0.11011,0.57835,0.29733,1.52110,2.27225,0.19160,1.44776,0.84935,0.22858,,0.18491,0.12892,0.13184,0.51985,0.21709,0.27998,,3
0.15004,0.48724,0.31257,1.55956,2.48485,0.15027,1.22632,0.92372,0.22799,0.12999,0.10230,0.12074,0.10959,0.55260,0.11249,0.13823,0.13745,2
0.12381,0.56965,0.23213,1.52425,1.98870,0.12634,0.86324,0.80742,0.20875,0.12761,0.11494,0.10890,0.12858,0.33294,0.11280,0.17144,0.15069,2
0.13568,0.56403,0.34154,1.41053,2.48273,0.15640,1.19605,0.88105,0.23631,0.17242,,0.12787,0.12727,0.40513,0.30720,0.19235,0.26995,4
0.12352,0.56716,0.29216,1.59355,2.50332,0.17852,1.48316,0.82109,0.22000,,0.13522,0.13639,0.12053,0.46600,0.16448,0.18892,,3
0.09930,0.50898,0.33356,1.39440,2.06660,0.18588,1.42616,0.88395,0.22032,0.17154,0.15586,0.11311,0.12343,0.54704,0.15787,0.21991,,6
0.11612,0.42452,0.26256,1.61846,2.16733,0.11248,1.05503,0.95945,0.18328,0.12695,0.10286,0.10312,0.09801,0.39749,0.09393,0.12400,0.14705,2
0.10890,0.42756,0.28744,1.17744,2.11951,0.15976,1.25415,0.95098,0.24329,0.15902,0.12561,0.09622,0.15268,0.41268,0.17841,0.17415,0.22488,5
0.14868,0.57685,0.27776,1.80009,2.52374,0.15142,1.35821,0.85340,0.19857,0.15630,0.13202,0.12560,0.12955,0.48723,0.16687,0.18894,0.17991,7
0.15498,0.67036,0.27694,2.03122,2.47592,0.13322,1.09339,0.79080,0.23266,,0.14476,0.11950,0.12773,0.39124,,,,2
0.13775,0.53078,0.31881,2.08150,2.47915,0.13691,1.20827,0.86218,0.23716,0.16741,0.11809,0.11879,0.11166,0.50252,0.19379,0.16287,0.18805,5
0.09321,0.57407,0.29174,1.37403,2.63016,0.17887,1.41132,0.90443,0.32180,0.17199,0.14847,0.13823,0.16627,0.36228,0.15502,0.18660,0.23480,3
0.14632,0.62305,0.29329,1.64893,2.46615,0.19287,1.48226,0.87158,0.28955,,,0.13493,0.13981,0.47965,,0.26758,0.25244,7
0.13453,0.57567,0.32122,2.00186,2.42506,0.14390,1.28913,1.03953,0.23020,0.15234,0.09999,0.12769,0.11062,0.45981,0.15500,0.15892,,6
0.15585,0.65157,0.28770,1.84331,2.54655,0.20433,1.41637,0.82570,0.21775,0.20299,0.21003,0.12884,0.16155,0.47945,0.19326,0.28787,0.28267,7
0.11100,0.64808,0.29048,1.98262,2.59250,0.21253,1.57340,0.77680,0.22509,,,0.14146,0.13096,0.47737,0.21752,,,7
0.10789,0.62934,0.24974,1.91447,2.05368,0.17461,1.20408,0.74553,0.20684,0.12842,0.13355,0.11803,0.14197,0.36763,0.11487,0.18592,0.16289,7
0.11084,0.56301,0.27263,1.46026,2.08340,0.17220,1.21678,0.75750,0.23478,0.15077,0.13264,0.12921,0.14354,0.36485,0.15175,0.20723,0.19130,1
0.13231,0.55130,0.29050,1.53910,2.45409,0.16119,1.34633,0.87817,0.22764,,,0.13754,0.11001,0.47392,0.12699,,,1
0.13142,0.42273,0.23965,1.34901,1.83355,0.14263,1.16662,0.64215,0.20182,,,0.11917,0.13379,0.37081,,,0.29279,3
0.10262,0.46345,0.29089,1.52460,2.16120,0.12805,1.17373,0.98653,0.26254,0.17901,0.12840,0.10180,0.15581,0.44236,0.18182,0.17245,,6
0.12210,0.37403,0.24146,1.23413,1.65450,0.16974,1.04868,0.64848,0.19474,0.17746,0.14802,0.09371,0.17943,0.36356,0.12276,0.19238,0.17825,0
0.11305,0.40391,0.29835,1.21387,1.69951,0.16621,1.14161,0.71234,0.22472,0.18515,0.14833,0.09533,0.15689,0.38695,0.22487,,0.24763,4
0.11002,0.63942,0.29195,1.90705,2.60562,0.20314,1.60838,0.78651,0.22642,,,0.14261,0.12192,0.46836,0.20538,,,7
0.10785,0.34145,0.22696,1.20772,1.56446,0.16375,0.89773,0.60622,0.18472,0.15143,0.15682,0.09784,0.13614,0.39061,0.11016,0.16558,0.15153,0
0.13322,0.56387,0.28750,1.45949,2.24778,0.17882,1.32563,0.80307,0.25310,0.13767,0.13290,0.13688,0.12615,0.41810,0.13688,0.17580,0.17906,1
0.10728,0.49666,0.27124,1.65849,2.52940,0.16001,1.48503,0.78111,0.19040,0.12149,0.10219,0.13737,0.10029,0.40678,,0.13881,,3
0.13225,0.47524,0.27899,1.38842,2.10288,0.12722,1.12973,0.82322,0.19385,0.13779,0.11038,0.11094,0.10920,0.50025,0.17337,0.14350,0.17276,2
0.12094,0.53229,0.31341,1.44193,2.13425,0.13348,1.05807,0.87117,0.22739,0.14842,0.10398,0.10901,0.11281,0.40578,0.15461,0.14393,0.15694,6
0.12947,0.56276,0.28172,1.51499,2.16638,0.18032,1.28201,0.81459,0.25173,0.15004,0.13130,0.13216,0.14225,0.39341,0.14485,0.19762,0.17339,1
